species_id,alpha,common,weight_female_min,weight_female_max,weight_male_min,weight_male_min,wing_female_min,wing_female_max,wing_male_min,wing_male_max,tail_female_min,tail_female_max,tail_male_min,tail_male_max
10,WEGR,Western Grebe,0,0,0,0,165,193,186,213,0,0,0,0
11,CLGR,Clark's Grebe,0,0,0,0,164,193,184,210,0,0,0,0
12,WCGR,Western/Clark's Grebe,0,0,0,0,164,193,184,213,0,0,0,0
20,RNGR,Red-necked Grebe,0,0,0,0,153,203,159,212,0,0,0,0
30,HOGR,Horned Grebe,0,0,0,0,126,144,133,147,0,0,0,0
40,EAGR,Eared Grebe,0,0,0,0,120,139,126,142,0,0,0,0
50,LEGR,Least Grebe,0,0,0,0,83,101,86,105,0,0,0,0
60,PBGR,Pied-billed Grebe,0,0,0,0,115,129,127,143,0,0,0,0
70,COLO,Common Loon,0,0,0,0,331,388,341,401,70,96,74,100
80,YBLO,Yellow-billed Loon,0,0,0,0,358,389,366,403,78,95,82,100
90,ARLO,Arctic Loon,0,0,0,0,293,332,306,348,59,68,61,71
100,PALO,Pacific Loon,0,0,0,0,274,305,280,313,52,58,55,62
110,RTLO,Red-throated Loon,0,0,0,0,253,287,266,297,42,53,45,57
120,TUPU,Tufted Puffin,0,0,0,0,180,211,186,214,57,68,58,69
130,ATPU,Atlantic Puffin,0,0,0,0,155,170,156,172,43,54,43,53
140,HOPU,Horned Puffin,0,0,0,0,167,190,170,194,58,68,59,69
150,RHAU,Rhinoceros Auklet,0,0,0,0,168,186,173,191,49,59,51,61
160,CAAU,Cassin's Auklet,0,0,0,0,116,128,117,129,25,35,25,36
170,PAAU,Parakeet Auklet,0,0,0,0,139,152,141,155,37,43,38,44
180,CRAU,Crested Auklet,0,0,0,0,129,143,132,146,31,40,33,42
190,WHAU,Whiskered Auklet,0,0,0,0,101,112,102,113,25,33,25,32
200,LEAU,Least Auklet,0,0,0,0,87,102,86,101,23,28,23,27
210,ANMU,Ancient Murrelet,0,0,0,0,131,143,130,142,33,38,32,37
230,MAMU,Marbled Murrelet,0,0,0,0,121,133,123,125,27,34,28,35
231,LBMU,Long-billed Murrelet,0,0,0,0,0,0,0,0,0,0,0,0
232,AMMU,Alaska Marbled Murrelet,0,0,0,0,121,133,123,125,27,34,28,35
240,KIMU,Kittlitz's Murrelet,0,0,0,0,127,141,127,141,26,35,26,35
250,XAMU,Xantus's Murrelet,0,0,0,0,113,126,112,124,29,34,28,33
251,SCMU,Scripps's Murrelet,0,0,0,0,113,126,112,124,29,34,28,33
252,GUMU,Guadalupe Murrelet,0,0,0,0,113,126,112,124,29,34,28,33
260,CRMU,Craveri's Murrelet,0,0,0,0,111,124,110,122,31,37,30,36
270,BLGU,Black Guillemot,0,0,0,0,151,168,150,168,43,53,43,53
290,PIGU,Pigeon Guillemot,0,0,0,0,164,187,162,186,45,58,45,58
300,COMU,Common Murre,0,0,0,0,186,225,183,224,41,54,40,53
310,TBMU,Thick-billed Murre,0,0,0,0,199,231,200,232,44,57,43,56
320,RAZO,Razorbill,0,0,0,0,187,206,190,209,68,83,70,85
340,DOVE,Dovekie,0,0,0,0,111,123,112,127,28,37,29,38
350,GRSK,Great Skua,0,0,0,0,385,432,372,420,144,160,140,162
352,SPSK,South Polar Skua,0,0,0,0,370,412,367,408,139,165,142,167
360,POJA,Pomarine Jaeger,0,0,0,0,331,376,327,370,122,137,120,138
370,PAJA,Parasitic Jaeger,0,0,0,0,291,344,288,338,100,140,103,137
380,LTJA,Long-tailed Jaeger,0,0,0,0,275,344,270,318,106,140,102,135
390,IVGU,Ivory Gull,0,0,0,0,317,350,326,360,137,149,143,156
391,MAGU,Magellan Gull,0,0,0,0,0,0,0,0,0,0,0,0
400,BLKI,Black-legged Kittiwake,0,0,0,0,283,332,292,335,114,137,121,141
410,RLKI,Red-legged Kittiwake,0,0,0,0,290,318,294,321,119,131,119,132
420,GLGU,Glaucous Gull,0,0,0,0,417,466,431,494,175,206,183,213
430,ICGU,Iceland Gull,0,0,0,0,379,415,392,435,152,179,158,184
431,THGU,Thayer's Gull,0,0,0,0,380,420,397,439,155,179,161,185
440,GWGU,Glaucous-winged Gull,0,0,0,0,390,435,404,455,165,184,171,191
446,HYGU,Hybrid Gull,0,0,0,0,0,0,0,0,0,0,0,0
470,GBBG,Great Black-backed Gull,0,0,0,0,442,490,459,511,171,194,183,207
480,SBGU,Slaty-backed Gull,0,0,0,0,402,441,429,465,170,187,177,195
490,WEGU,Western Gull,0,0,0,0,368,409,398,438,148,167,155,174
491,YFGU,Yellow-footed Gull,0,0,0,0,390,431,412,450,154,169,162,177
500,LBBG,Lesser Black-backed Gull,0,0,0,0,378,430,392,447,143,158,153,167
510,HERG,Herring Gull,0,0,0,0,369,447,398,468,148,181,159,190
530,CAGU,California Gull,0,0,0,0,353,402,368,426,135,159,143,166
534,UNGU,Unidentified Gull,0,0,0,0,0,0,0,0,0,0,0,0
540,RBGU,Ring-billed Gull,381,496,381,496,330,369,346,392,132,150,143,161
542,BEGU,Belcher's Gull,0,0,0,0,0,0,0,0,0,0,0,0
550,UMGU,Unidentified Mew Gull,0,0,0,0,320,385,331,406,126,143,135,154
551,BHGU,Black-headed Gull,0,0,0,0,275,314,283,325,102,119,107,124
570,HEEG,Heermann's Gull,0,0,0,0,327,352,335,368,131,159,133,162
580,LAGU,Laughing Gull,0,0,0,0,288,338,292,354,110,130,114,134
590,FRGU,Franklin's Gull,0,0,0,0,258,290,265,299,94,111,95,112
600,BOGU,Bonaparte's Gull,140,217,140,217,242,267,247,272,93,105,96,108
601,LIGU,Little Gull,0,0,0,0,209,229,211,231,82,94,85,97
610,ROGU,Ross's Gull,0,0,0,0,238,270,240,271,113,128,116,133
620,SAGU,Sabine's Gull,0,0,0,0,246,276,258,286,109,121,112,124
630,GBTE,Gull-billed Tern,0,0,0,0,280,311,285,313,68,82,73,84
640,CATE,Caspian Tern,0,0,0,0,390,430,394,434,90,112,91,115
650,ROYT,Royal Tern,0,0,0,0,353,388,354,389,90,104,90,104
652,GCTE,Great Crested Tern,0,0,0,0,0,0,0,0,0,0,0,0
660,ELTE,Elegant Tern,0,0,0,0,296,325,300,327,78,92,78,93
670,SATE,Sandwich Tern,0,0,0,0,270,297,271,302,69,78,68,77
671,CAYT,Cayenne Tern,0,0,0,0,0,0,0,0,0,0,0,0
690,FOTE,Forster's Tern,0,0,0,0,245,277,246,278,60,73,62,76
700,COTE,Common Tern,0,0,0,0,252,283,252,281,65,76,64,75
706,HYTE,Hybrid Tern,0,0,0,0,0,0,0,0,0,0,0,0
710,ARTE,Arctic Tern,0,0,0,0,255,285,257,288,63,76,65,77
720,ROST,Roseate Tern,0,0,0,0,216,241,216,240,53,65,57,69
725,HCRT,Common Tern X Roseate Tern Hybrid,0,0,0,0,0,0,0,0,0,0,0,0
730,ALTE,Aleutian Tern,0,0,0,0,254,278,259,280,0,0,0,0
731,BNTE,Black-naped Tern,0,0,0,0,0,0,0,0,0,0,0,0
740,LETE,Least Tern,0,0,0,0,156,173,157,177,37,44,38,45
741,LITE,Little Tern,0,0,0,0,0,0,0,0,0,0,0,0
742,ILTE,Interior Least Tern,0,0,0,0,156,173,157,177,37,44,38,45
743,CLTE,California Least Tern,0,0,0,0,156,173,157,177,37,44,38,45
750,SOTE,Sooty Tern,0,0,0,0,274,297,275,298,68,82,69,86
760,BRTE,Bridled Tern,0,0,0,0,245,266,247,267,63,74,64,75
761,GRAT,Gray-backed Tern,0,0,0,0,0,0,0,0,0,0,0,0
770,BLTE,Black Tern,0,78,0,78,190,218,196,224,51,58,51,59
780,WWTE,White-winged Tern,0,0,0,0,0,0,0,0,0,0,0,0
781,WHIT,Whiskered Tern,0,0,0,0,0,0,0,0,0,0,0,0
790,BRNO,Brown Noddy,0,0,0,0,256,279,261,289,128,145,134,157
791,BLNO,Black Noddy,0,0,0,0,0,0,0,0,0,0,0,0
792,BGNO,Blue-gray Noddy,0,0,0,0,0,0,0,0,0,0,0,0
793,WHTE,White Tern,0,0,0,0,0,0,0,0,0,0,0,0
800,BLSK,Black Skimmer,213,296,280,382,323,372,374,416,76,87,86,95
810,BFAL,Black-footed Albatross,0,0,0,0,481,529,487,536,132,149,136,153
811,WAAL,Wandering Albatross,0,0,0,0,0,0,0,0,0,0,0,0
816,HYAL,Hybrid Albatross,0,0,0,0,0,0,0,0,0,0,0,0
820,STAL,Short-tailed Albatross,0,0,0,0,518,564,538,593,144,158,153,170
821,LAAL,Laysan Albatross,0,0,0,0,460,505,467,513,135,157,139,161
822,BBAL,Black-browed Albatross,0,0,0,0,0,0,0,0,0,0,0,0
823,WCAL,White-capped Albatross,0,0,0,0,0,0,0,0,0,0,0,0
824,WAVA,Waved Albatross,0,0,0,0,0,0,0,0,0,0,0,0
830,YNAL,Yellow-nosed Albatross,0,0,0,0,0,0,0,0,0,0,0,0
860,NOFU,Northern Fulmar,0,0,0,0,284,339,291,348,100,129,108,135
880,COSH,Cory's Shearwater,0,0,0,0,319,361,323,367,117,141,120,144
881,STRS,Streaked Shearwater,0,0,0,0,0,0,0,0,0,0,0,0
890,GRSH,Great Shearwater,0,0,0,0,310,337,317,341,106,120,108,126
900,MASH,Manx Shearwater,0,0,0,0,220,238,219,241,67,83,68,85
910,PFSH,Pink-footed Shearwater,0,0,0,0,319,343,321,345,107,122,106,124
920,AUSH,Audubon's Shearwater,0,0,0,0,192,210,193,212,80,94,81,95
921,LISH,Little Shearwater,0,0,0,0,0,0,0,0,0,0,0,0
922,TRSH,Tropical Shearwater,0,0,0,0,0,0,0,0,0,0,0,0
930,BVSH,Black-vented Shearwater,0,0,0,0,223,246,225,248,69,80,70,82
931,TOSH,Townsend's Shearwater,0,0,0,0,0,0,0,0,0,0,0,0
932,NESH,Newell's Shearwater,0,0,0,0,0,0,0,0,0,0,0,0
950,SOSH,Sooty Shearwater,0,0,0,0,281,315,287,319,83,96,84,97
951,FFSH,Flesh-footed Shearwater,0,0,0,0,308,332,311,334,108,120,109,122
960,SHOS,Short-tailed Shearwater,0,0,0,0,261,284,262,286,75,87,74,87
961,WTSH,Wedge-tailed Shearwater,0,0,0,0,0,0,0,0,0,0,0,0
962,BULS,Buller's Shearwater,0,0,0,0,276,302,278,304,115,133,116,135
963,CHSH,Christmas Shearwater,0,0,0,0,0,0,0,0,0,0,0,0
980,BCPE,Black-capped Petrel,0,0,0,0,264,288,268,297,113,134,119,140
983,COPE,Cook's Petrel,0,0,0,0,223,239,229,246,86,94,88,97
985,HAPE,Hawaiian Petrel,0,0,0,0,0,0,0,0,0,0,0,0
987,JFPE,Juan Fernandez Petrel,0,0,0,0,0,0,0,0,0,0,0,0
988,PHPE,Phoenix Petrel,0,0,0,0,0,0,0,0,0,0,0,0
990,MOPE,Mottled Petrel,0,0,0,0,245,270,243,269,93,109,94,111
991,BOPE,Bonin Petrel,0,0,0,0,0,0,0,0,0,0,0,0
992,BWPE,Black-winged Petrel,0,0,0,0,0,0,0,0,0,0,0,0
1001,MUPE,Murphy's Petrel,0,0,0,0,267,296,268,296,104,119,105,123
1003,STPE,Stejneger's Petrel,0,0,0,0,0,0,0,0,0,0,0,0
1004,TAPE,Tahiti Petrel,0,0,0,0,0,0,0,0,0,0,0,0
1010,BUPE,Bulwer's Petrel,0,0,0,0,0,0,0,0,0,0,0,0
1020,CAPE,Cape Petrel,0,0,0,0,0,0,0,0,0,0,0,0
1030,LTSP,Least Storm-Petrel,0,0,0,0,116,129,113,126,52,58,50,56
1050,FTSP,Fork-tailed Storm-Petrel,0,0,0,0,147,167,144,163,83,100,79,86
1060,LHSP,Leach's Storm-Petrel,0,0,0,0,134,169,131,166,68,93,67,90
1062,BANP,Band-rumped Storm-Petrel,0,0,0,0,147,165,143,161,64,81,62,87
1063,WRSP,Wedge-rumped Storm-Petrel,0,0,0,0,0,0,0,0,0,0,0,0
1070,BLSP,Black Storm-Petrel,0,0,0,0,165,181,163,179,79,94,77,93
1071,TRSP,Tristram's Storm-Petrel,0,0,0,0,0,0,0,0,0,0,0,0
1080,ASSP,Ashy Storm-Petrel,0,0,0,0,135,148,132,145,74,84,72,82
1090,WISP,Wilson's Storm-Petrel,0,0,0,0,132,162,135,158,63,74,56,76
1101,WHSP,White-throated Storm-Petrel,0,0,0,0,0,0,0,0,0,0,0,0
1110,WFSP,White-faced Storm-Petrel,0,0,0,0,0,0,0,0,0,0,0,0
1120,WTTR,White-tailed Tropicbird,0,0,0,0,251,296,254,299,99,125,101,128
1130,RBTR,Red-billed Tropicbird,0,0,0,0,287,326,292,329,95,116,101,118
1131,RTTR,Red-tailed Tropicbird,0,0,0,0,294,348,296,349,70,88,73,92
1140,MABO,Masked Booby,0,0,0,0,399,480,392,471,148,206,147,203
1141,BFBO,Blue-footed Booby,0,0,0,0,427,470,396,451,175,251,172,250
1142,NABO,Nazca Booby,0,0,0,0,0,0,0,0,0,0,0,0
1150,BRBO,Brown Booby,0,0,0,0,377,427,359,430,176,203,173,200
1160,RFBO,Red-footed Booby,0,0,0,0,366,422,359,416,188,230,191,234
1170,NOGA,Northern Gannet,0,0,0,0,459,520,465,525,197,238,200,244
1180,ANHI,Anhinga,0,0,0,0,301,346,310,349,215,266,216,268
1190,GRCO,Great Cormorant,0,0,0,0,326,361,345,380,134,166,140,171
1200,DCCO,Double-crested Cormorant,0,0,0,0,267,350,279,359,122,164,130,172
1201,GUCO,Guanay Cormorant,0,0,0,0,0,0,0,0,0,0,0,0
1210,NECO,Neotropic Cormorant,0,0,0,0,238,271,246,281,155,174,161,181
1220,BRAC,Brandt's Cormorant,0,0,0,0,255,284,271,304,98,123,114,138
1230,PECO,Pelagic Cormorant,0,0,0,0,220,281,231,301,121,142,133,152
1240,RFCO,Red-faced Cormorant,0,0,0,0,249,284,270,302,132,165,144,173
1250,AWPE,American White Pelican,0,0,0,0,529,590,578,635,135,157,150,170
1260,BRPE,Brown Pelican,0,0,0,0,444,553,461,583,116,195,119,198
1280,MAFR,Magnificent Frigatebird,0,0,0,0,610,690,583,661,419,498,389,478
1281,GRFR,Great Frigatebird,0,0,0,0,545,650,510,614,353,440,320,416
1282,LEFR,Lesser Frigatebird,0,0,0,0,0,0,0,0,0,0,0,0
1290,COME,Common Merganser,0,0,0,0,226,257,252,284,87,99,94,106
1300,RBME,Red-breasted Merganser,0,0,0,0,198,227,219,252,68,81,76,88
1310,HOME,Hooded Merganser,0,0,0,0,163,187,175,203,80,91,85,96
1320,MALL,Mallard,0,0,0,0,249,287,265,303,80,98,84,103
1321,HAWD,Hawaiian Duck,0,0,0,0,0,0,0,0,0,0,0,0
1322,LADU,Laysan Duck,0,0,0,0,0,0,0,0,0,0,0,0
1323,MHDH,Mallard X Hawaiian Duck Hybrid,0,0,0,0,249,287,265,303,80,103,84,103
1325,MBDX,Mallard X American Black Duck Intermediate,0,0,0,0,249,287,265,303,80,103,84,103
1326,MBDH,Mallard X American Black Duck Hybrid,0,0,0,0,249,287,265,303,80,103,84,103
1327,MALX,Mallard Dominant X American Black Duck Hybrid,0,0,0,0,249,287,265,303,80,103,84,103
1330,ABDU,American Black Duck,0,0,0,0,249,277,265,300,81,103,85,103
1331,MEDU,Mexican Duck,0,0,0,0,239,279,257,297,75,91,78,93
1337,ABDX,American Black Duck Dominant X Mallard Hybrid,0,0,0,0,249,287,265,303,80,103,84,103
1340,MODU,Mottled Duck,0,0,0,0,223,253,235,267,78,90,81,93
1350,GADW,Gadwall,0,0,0,0,228,261,246,278,68,87,74,92
1360,EUWI,Eurasian Wigeon,0,0,0,0,220,254,238,271,73,100,82,112
1370,AMWI,American Wigeon,0,0,0,0,224,258,240,277,86,113,96,127
1371,FADU,Falcated Duck,0,0,0,0,0,0,0,0,0,0,0,0
1380,EGWT,European Green-winged Teal,0,0,0,0,163,191,170,197,59,71,61,74
1390,AGWT,Green-winged Teal,0,0,0,0,162,185,171,194,60,72,63,75
1391,BATE,Baikal Teal,0,0,0,0,0,0,0,0,0,0,0,0
1392,GARG,Garganey,0,0,0,0,0,0,0,0,0,0,0,0
1400,BWTE,Blue-winged Teal,0,0,0,0,161,183,173,195,56,68,59,71
1401,UNTE,Unidentified Teal,0,0,0,0,0,0,0,0,0,0,0,0
1410,CITE,Cinnamon Teal,0,0,0,0,171,186,180,202,61,75,63,78
1420,NSHO,Northern Shoveler,0,0,0,0,216,242,229,255,69,84,76,90
1430,NOPI,Northern Pintail,0,0,0,0,241,273,253,286,92,126,167,226
1431,WHIP,White-cheeked Pintail,0,0,0,0,0,0,0,0,0,0,0,0
1436,OHDU,Other Hybrid Duck,0,0,0,0,0,0,0,0,0,0,0,0
1440,WODU,Wood Duck,0,0,0,0,188,226,208,239,87,113,94,119
1441,MUDU,Muscovy Duck,0,0,0,0,0,0,0,0,0,0,0,0
1460,REDH,Redhead,0,0,0,0,208,227,216,237,53,61,54,63
1461,CPOC,Common Pochard,0,0,0,0,0,0,0,0,0,0,0,0
1470,CANV,Canvasback,0,0,0,0,211,234,219,243,53,60,54,61
1480,GRSC,Greater Scaup,0,0,0,0,200,224,206,230,50,60,52,62
1490,LESC,Lesser Scaup,0,0,0,0,182,205,188,212,46,57,47,59
1491,TUDU,Tufted Duck,0,0,0,0,182,202,189,209,45,58,47,59
1500,RNDU,Ring-necked Duck,0,0,0,0,176,196,185,205,47,61,49,63
1510,COGO,Common Goldeneye,0,0,0,0,177,222,198,239,69,88,77,98
1520,BAGO,Barrow's Goldeneye,0,0,0,0,196,224,220,248,79,89,83,93
1530,BUFF,Bufflehead,0,0,0,0,143,160,159,174,60,71,69,80
1540,LTDU,Long-tailed Duck,0,0,0,0,185,216,196,232,58,74,180,265
1550,HARD,Harlequin Duck,0,0,0,0,173,201,183,210,78,89,90,107
1570,STEI,Steller's Eider,0,0,0,0,194,218,199,223,74,89,79,94
1580,SPEI,Spectacled Eider,0,0,0,0,233,254,238,266,72,85,74,87
1590,COEI,Common Eider,0,0,0,0,254,315,265,320,76,100,81,102
1620,KIEI,King Eider,0,0,0,0,243,279,250,286,75,87,76,89
1630,BLSC,Black Scoter,0,0,0,0,205,231,214,240,65,82,83,99
1650,WWSC,White-winged Scoter,0,0,0,0,246,273,261,289,70,84,74,88
1660,SUSC,Surf Scoter,0,0,0,0,210,235,225,251,66,82,73,90
1670,RUDU,Ruddy Duck,0,0,0,0,129,147,133,152,64,74,68,78
1680,MADU,Masked Duck,0,0,0,0,128,144,131,147,73,86,75,88
1690,LSGO,Lesser Snow Goose,0,0,0,0,377,449,403,461,105,140,112,148
1691,BLGO,Blue Goose,0,0,0,0,377,449,403,461,105,140,112,148
1695,SBGI,Snow X Blue Goose Intergrade,0,0,0,0,377,449,403,461,105,140,112,148
1698,BGSG,Blue Greater Snow Goose,0,0,0,0,397,471,412,479,118,142,125,150
1699,GSGO,Greater Snow Goose,0,0,0,0,397,471,412,479,118,142,125,150
1700,ROGO,Ross's Goose,0,0,0,0,330,380,346,396,105,124,110,131
1703,SRGH,Snow X Ross's Goose Hybrid,0,0,0,0,0,0,0,0,0,0,0,0
1710,GWFG,Greater White-fronted Goose,0,0,0,0,351,450,367,465,101,142,105,146
1711,TABG,Taiga Bean-Goose,0,0,0,0,0,0,0,0,0,0,0,0
1712,PFGO,Pink-footed Goose,0,0,0,0,0,0,0,0,0,0,0,0
1713,LWFG,Lesser White-fronted Goose,0,0,0,0,0,0,0,0,0,0,0,0
1716,OHGO,Other Hybrid Goose,0,0,0,0,0,0,0,0,0,0,0,0
1719,TWFG,Tule White-fronted Goose,0,0,0,0,400,441,426,468,121,144,124,147
1720,CAGO,Canada Goose,0,0,0,0,400,525,422,548,108,166,119,172
1721,ACGO,Aleutian Cackling Goose,0,0,0,0,351,405,362,416,101,125,107,131
1722,MCGO,Minima Cackling Goose,0,0,0,0,335,384,351,400,93,121,99,127
1723,LCGO,Large Canada Goose,0,0,0,0,451,525,478,548,130,177,141,188
1729,SCGO,Small Canada/Cackling Goose,0,0,0,0,357,429,370,436,103,131,110,139
1730,ATBR,Atlantic Brant,0,0,0,0,283,330,300,342,84,101,87,106
1731,BABI,Black X Atlantic Brant Intergrade,0,0,0,0,0,0,0,0,84,101,87,106
1740,BLBR,Black Brant,0,0,0,0,283,330,300,342,84,101,87,106
1750,BRNG,Barnacle Goose,0,0,0,0,0,0,0,0,0,0,0,0
1751,HAGO,Hawaiian Goose,0,0,0,0,0,0,0,0,0,0,0,0
1760,EMGO,Emperor Goose,0,0,0,0,349,390,362,403,97,122,106,131
1770,BBWD,Black-bellied Whistling-Duck,0,0,0,0,231,256,235,260,65,76,65,76
1771,WIWD,West Indian Whistling-Duck,0,0,0,0,0,0,0,0,0,0,0,0
1780,FUWD,Fulvous Whistling-Duck,0,0,0,0,194,222,198,224,42,56,45,59
1782,MUSW,Mute Swan,0,0,0,0,495,593,543,634,187,235,200,248
1790,WHOS,Whooper Swan,0,0,0,0,0,0,0,0,0,0,0,0
1800,WHSW,Whistling Swan,0,0,0,0,467,556,493,574,149,183,155,190
1801,BESW,Bewick's Swan,0,0,0,0,444,544,469,561,126,160,132,166
1810,TRUS,Trumpeter Swan,0,0,0,0,534,649,574,690,164,221,176,234
1820,AMFL,American Flamingo,0,0,0,0,363,458,380,465,120,163,124,175
1830,ROSP,Roseate Spoonbill,0,0,0,0,314,348,327,362,85,106,89,110
1840,WHIB,White Ibis,0,0,0,0,252,286,281,308,89,106,98,120
1850,SCIB,Scarlet Ibis,0,0,0,0,0,0,0,0,0,0,0,0
1860,GLIB,Glossy Ibis,0,0,0,0,245,269,270,302,91,101,99,109
1870,WFIB,White-faced Ibis,0,0,0,0,228,250,256,279,83,96,92,104
1880,WOST,Wood Stork,0,0,0,0,427,465,454,491,137,154,152,164
1900,AMBI,American Bittern,0,0,0,0,229,266,259,298,71,90,84,103
1910,LEBI,Least Bittern,0,0,0,0,107,128,109,131,36,47,37,48
1911,YEBI,Yellow Bittern,0,0,0,0,0,0,0,0,0,0,0,0
1920,GWHE,Great White Heron,0,0,0,0,448,500,462,514,160,186,168,196
1940,GBHE,Great Blue Heron,0,0,0,0,432,483,441,507,159,194,166,203
1960,GREG,Great Egret,0,0,0,0,329,400,346,414,123,155,136,166
1969,PRHE,Pacific Reef Heron,0,0,0,0,0,0,0,0,0,0,0,0
1970,SNEG,Snowy Egret,0,0,0,0,228,273,237,283,80,98,83,103
1980,REEG,Reddish Egret,0,0,0,0,281,324,298,344,91,119,98,127
1990,TRHE,Tricolored Heron,0,0,0,0,226,265,239,279,73,87,78,96
2000,LBHE,Little Blue Heron,0,0,0,0,241,264,251,274,82,99,87,103
2001,CAEG,Cattle Egret,0,0,0,0,226,256,232,263,75,94,79,98
2010,GRHE,Green Heron,0,0,0,0,167,197,174,203,60,75,61,79
2020,BCNH,Black-crowned Night-Heron,0,0,0,0,283,309,288,314,108,124,111,129
2030,YCNH,Yellow-crowned Night-Heron,0,0,0,0,271,303,279,309,100,118,102,121
2040,WHCR,Whooping Crane,0,0,0,0,540,630,555,645,195,238,202,246
2060,SACR,Sandhill Crane,0,0,0,0,421,554,443,573,154,191,157,199
2061,MSCR,Mississippi Sandhill Crane,0,0,0,0,455,491,488,526,167,191,184,204
2070,LIMP,Limpkin,0,0,0,0,298,320,311,337,124,143,130,153
2080,KIRA,King Rail,0,0,0,0,149,166,158,175,57,70,59,73
2110,CLRA,Clapper Rail,0,0,0,0,127,152,135,160,53,67,57,71
2111,CRRA,California Ridgway's Rail,0,0,0,0,133,159,143,169,55,74,59,79
2120,VIRA,Virginia Rail,68,114,68,114,93,107,99,113,35,48,38,52
2131,YBCR,Yellow-breasted Crake,0,0,0,0,0,0,0,0,0,0,0,0
2140,SORA,Sora,53,84,53,84,96,109,101,115,38,49,42,54
2150,YERA,Yellow Rail,0,0,0,0,78,89,80,92,28,36,29,37
2160,BLRA,Black Rail,0,0,0,0,63,79,64,80,28,37,28,38
2161,BBRA,Buff-banded Rail,0,0,0,0,0,0,0,0,0,0,0,0
2180,PUGA,Purple Gallinule,0,0,0,0,160,181,163,185,60,77,61,78
2181,PUSW,Purple Swamphen,0,0,0,0,0,0,0,0,0,0,0,0
2190,COGA,Common Gallinule,0,0,0,0,157,171,167,182,60,71,66,78
2191,HAGA,Hawaiian Gallinule,0,0,0,0,0,0,0,0,0,0,0,0
2192,MCMO,Mariana Common Moorhen,0,0,0,0,0,0,0,0,0,0,0,0
2201,HACO,Hawaiian Coot,0,0,0,0,0,0,0,0,0,0,0,0
2210,AMCO,American Coot,0,0,0,0,162,192,176,204,45,56,47,59
2211,CARC,Caribbean Coot,0,0,0,0,0,0,0,0,0,0,0,0
2220,REPH,Red Phalarope,0,0,0,0,128,139,119,131,61,72,58,68
2230,RNPH,Red-necked Phalarope,0,0,0,0,105,117,101,112,46,54,44,52
2240,WIPH,Wilson's Phalarope,0,0,0,0,126,138,115,126,53,60,47,54
2250,AMAV,American Avocet,0,0,0,0,211,239,215,243,76,92,87,104
2260,BNST,Black-necked Stilt,0,0,0,0,206,229,215,239,64,74,67,78
2261,HAST,Hawaiian Stilt,0,0,0,0,0,0,0,0,0,0,0,0
2270,EUWO,Eurasian Woodcock,0,0,0,0,0,0,0,0,0,0,0,0
2280,AMWO,American Woodcock,128,233,105,186,129,142,118,129,58,66,55,63
2290,COSN,Common Snipe,0,0,0,0,0,0,0,0,0,0,0,0
2300,WISN,Wilson's Snipe,90,126,90,126,118,133,120,135,50,59,53,61
2301,PTSN,Pin-tailed Snipe,0,0,0,0,0,0,0,0,0,0,0,0
2302,SWSN,Swinhoe's Snipe,0,0,0,0,0,0,0,0,0,0,0,0
2310,SBDO,Short-billed Dowitcher,60,140,60,140,134,156,132,153,52,61,50,59
2320,LBDO,Long-billed Dowitcher,0,0,0,0,137,152,133,147,53,61,51,59
2330,STSA,Stilt Sandpiper,0,0,0,0,125,139,122,135,45,53,44,52
2340,REKN,Red Knot,0,0,0,0,152,175,148,170,61,70,59,68
2341,RRKN,Rufa Red Knot,0,0,0,0,152,175,148,170,61,70,59,68
2350,PUSA,Purple Sandpiper,0,0,0,0,121,137,117,133,50,61,49,60
2360,ROSA,Rock Sandpiper,0,0,0,0,113,140,111,135,47,65,46,63
2380,SHAS,Sharp-tailed Sandpiper,0,0,0,0,119,132,128,140,48,58,51,62
2390,PESA,Pectoral Sandpiper,0,0,0,0,123,131,135,146,51,60,57,67
2400,WRSA,White-rumped Sandpiper,0,0,0,0,117,126,115,124,47,55,46,54
2410,BASA,Baird's Sandpiper,30,53,30,53,117,127,114,124,47,54,45,52
2420,LESA,Least Sandpiper,19,31,15,42,84,94,81,90,34,42,33,41
2422,RNST,Red-necked Stint,0,0,0,0,97,105,93,102,39,49,38,48
2423,LTST,Long-toed Stint,0,0,0,0,0,0,0,0,0,0,0,0
2430,DUNL,Dunlin,40,72,40,72,106,128,102,125,45,56,41,55
2440,CUSA,Curlew Sandpiper,0,0,0,0,121,130,119,128,42,52,41,51
2450,SPOS,Spoon-billed Sandpiper,0,0,0,0,0,0,0,0,0,0,0,0
2460,SESA,Semipalmated Sandpiper,17,39,17,39,92,102,89,99,36,45,35,44
2470,WESA,Western Sandpiper,0,0,0,0,93,102,90,99,38,46,37,45
2480,SAND,Sanderling,39,87,39,87,117,129,113,125,46,57,44,54
2490,MAGO,Marbled Godwit,0,0,0,0,210,245,201,234,75,94,73,91
2500,BARG,Bar-tailed Godwit,0,0,0,0,195,247,183,232,68,88,65,83
2510,HUGO,Hudsonian Godwit,0,0,0,0,207,222,195,210,72,83,68,79
2520,BLAG,Black-tailed Godwit,0,0,0,0,0,0,0,0,0,0,0,0
2532,CGRE,Common Greenshank,0,0,0,0,0,0,0,0,0,0,0,0
2540,GRYE,Greater Yellowlegs,0,0,0,0,179,200,177,198,69,83,69,83
2550,LEYE,Lesser Yellowlegs,47,108,47,108,148,167,145,163,58,66,57,66
2560,SOSA,Solitary Sandpiper,40,61,40,61,126,147,121,140,51,62,49,59
2561,WOSA,Wood Sandpiper,0,0,0,0,0,0,0,0,0,0,0,0
2562,MASA,Marsh Sandpiper,0,0,0,0,0,0,0,0,0,0,0,0
2580,WILL,Willet,0,0,0,0,183,225,174,216,64,88,61,86
2590,WATA,Wandering Tattler,0,0,0,0,167,183,161,177,68,81,66,78
2591,GTTA,Gray-tailed Tattler,0,0,0,0,0,0,0,0,0,0,0,0
2600,RUFF,Ruff,0,0,0,0,143,161,171,192,50,60,62,73
2610,UPSA,Upland Sandpiper,0,0,0,0,159,178,153,170,78,90,74,88
2620,BBSA,Buff-breasted Sandpiper,0,0,0,0,119,130,126,135,52,58,55,62
2630,SPSA,Spotted Sandpiper,34,61,31,58,99,110,95,105,47,53,46,52
2631,COSA,Common Sandpiper,0,0,0,0,0,0,0,0,0,0,0,0
2640,LBCU,Long-billed Curlew,0,0,0,0,262,304,251,293,101,134,97,130
2650,WHIM,Whimbrel,0,0,0,0,229,269,219,260,87,103,84,101
2680,BTCU,Bristle-thighed Curlew,0,0,0,0,237,266,233,255,89,107,85,103
2690,NOLA,Northern Lapwing,0,0,0,0,0,0,0,0,0,0,0,0
2691,EUDO,Eurasian Dotterel,0,0,0,0,141,157,135,151,61,74,60,72
2700,BBPL,Black-bellied Plover,0,0,0,0,179,208,179,208,60,78,62,81
2710,EUGP,European Golden-Plover,0,0,0,0,0,0,0,0,0,0,0,0
2720,AMGP,American Golden-Plover,0,0,0,0,168,183,168,183,57,72,59,73
2721,PAGP,Pacific Golden-Plover,0,0,0,0,154,170,155,171,54,68,55,69
2729,LEGP,Lesser Golden-Plover,0,0,0,0,0,0,0,0,0,0,0,0
2730,KILL,Killdeer,30,130,30,130,154,170,151,167,87,103,87,103
2740,SEPL,Semipalmated Plover,27,64,27,64,111,131,110,130,47,57,47,57
2750,CRPL,Common Ringed Plover,0,0,0,0,119,137,119,137,50,63,49,61
2770,PIPL,Piping Plover,41,59,41,59,110,119,115,126,46,55,49,59
2780,SNPL,Snowy Plover,0,0,0,0,98,110,99,111,39,50,40,51
2781,WSPL,Western Snowy Plover,0,0,0,0,98,110,99,111,39,50,40,51
2790,LRSP,Lesser Sand-Plover,0,0,0,0,128,145,127,144,45,53,45,53
2800,WIPL,Wilson's Plover,0,0,0,0,111,125,110,124,44,52,45,53
2810,MOPL,Mountain Plover,0,0,0,0,139,154,139,154,59,70,59,71
2820,SURF,Surfbird,0,0,0,0,162,178,167,183,63,70,62,69
2830,RUTU,Ruddy Turnstone,0,0,77,147,140,158,138,156,54,67,53,65
2840,BLTU,Black Turnstone,0,0,0,0,141,159,139,154,58,66,57,64
2860,AMOY,American Oystercatcher,0,0,0,0,243,273,238,267,95,110,91,107
2870,BLOY,Black Oystercatcher,0,0,0,0,235,260,233,257,79,92,76,89
2880,NOJA,Northern Jacana,0,0,0,0,127,140,111,126,42,51,37,45
3120,BTPI,Band-tailed Pigeon,260,440,280,470,198,223,207,230,122,141,127,147
3121,PLPI,Plain Pigeon,0,0,0,0,0,0,0,0,0,0,0,0
3122,PRPP,Puerto Rican Plain Pigeon,0,0,0,0,0,0,0,0,0,0,0,0
3130,RBPI,Red-billed Pigeon,250,320,330,410,180,199,185,207,105,127,112,126
3140,WCPI,White-crowned Pigeon,190,265,220,300,170,195,178,204,111,134,113,145
3141,SNPI,Scaly-naped Pigeon,0,0,0,0,0,0,0,0,0,0,0,0
3151,SPDO,Spotted Dove,135,185,135,185,143,157,147,162,125,141,129,148
3152,AFCD,African Collared-Dove,0,0,0,0,0,0,0,0,0,0,0,0
3153,ZEBD,Zebra Dove,0,0,0,0,0,0,0,0,0,0,0,0
3154,WTGD,White-throated Ground Dove,0,0,0,0,0,0,0,0,0,0,0,0
3155,MAFD,Mariana Fruit Dove,0,0,0,0,0,0,0,0,0,0,0,0
3158,PHTD,Philippine Turtle-Dove,0,0,0,0,0,0,0,0,0,0,0,0
3159,ECDO,Eurasian Collared-Dove,125,175,125,175,172,182,177,188,127,144,134,151
3160,MODO,Mourning Dove,88,119,101,135,129,152,135,158,114,148,129,163
3161,EADO,Eared Dove,0,0,0,0,0,0,0,0,0,0,0,0
3170,ZEND,Zenaida Dove,0,0,0,0,0,0,0,0,0,0,0,0
3180,WTDO,White-tipped Dove,140,190,165,220,133,153,140,158,95,114,96,116
3181,CADO,Caribbean Dove,0,0,0,0,0,0,0,0,0,0,0,0
3190,WWDO,White-winged Dove,125,165,135,180,142,166,146,172,92,124,97,130
3200,COGD,Common Ground Dove,27,47,27,47,80,90,80,91,55,63,57,66
3201,RUGD,Ruddy Ground Dove,37,55,37,55,80,92,83,94,53,63,57,67
3210,INDO,Inca Dove,35,55,35,55,87,95,86,94,85,102,85,103
3220,KWQD,Key West Quail-Dove,0,0,0,0,0,0,0,0,0,0,0,0
3221,RUQD,Ruddy Quail-Dove,0,0,0,0,0,0,0,0,0,0,0,0
3222,BRQD,Bridled Quail-Dove,0,0,0,0,0,0,0,0,0,0,0,0
3240,CALC,California Condor,0,0,0,0,740,825,725,810,320,380,295,360
3250,TUVU,Turkey Vulture,0,0,0,0,464,553,461,544,230,294,227,286
3260,BLVU,Black Vulture,0,0,0,0,406,451,408,450,167,211,170,214
3270,STKI,Swallow-tailed Kite,0,0,0,0,432,449,423,439,338,368,322,354
3271,HBKI,Hook-billed Kite,0,0,0,0,266,318,262,313,183,222,172,210
3280,WTKI,White-tailed Kite,0,0,0,0,298,327,297,326,171,192,170,191
3290,MIKI,Mississippi Kite,0,0,0,0,299,320,284,305,154,172,148,166
3300,SNKI,Snail Kite,0,0,0,0,329,377,324,370,166,196,158,188
3310,NOHA,Northern Harrier,303,664,270,481,362,400,322,360,223,254,195,229
3320,SSHA,Sharp-shinned Hawk,128,232,75,140,188,210,160,180,148,165,124,142
3321,PSSH,Puerto Rican Sharp-shinned Hawk,0,0,0,0,0,0,0,0,0,0,0,0
3330,COHA,Cooper's Hawk,349,666,272,457,244,283,215,248,197,235,171,205
3340,UNGO,Unspecified Northern Goshawk,734,1301,607,1075,336,387,302,346,242,299,207,260
3350,HRSH,Harris's Hawk,0,0,0,0,329,385,298,342,234,274,211,251
3370,RTHA,Red-tailed Hawk,641,1726,641,1726,339,455,321,430,199,263,187,250
3380,HRLH,Harlan's Hawk,0,0,0,0,380,450,355,421,210,263,199,250
3390,RSHA,Red-shouldered Hawk,439,895,439,895,287,360,272,341,173,236,163,223
3400,ZTHA,Zone-tailed Hawk,0,0,0,0,404,436,374,399,213,253,196,236
3410,WTHA,White-tailed Hawk,0,0,0,0,413,457,397,437,163,225,151,212
3420,SWHA,Swainson's Hawk,0,0,0,0,382,432,360,408,195,233,185,222
3430,BWHA,Broad-winged Hawk,381,559,295,387,258,296,246,282,152,188,140,175
3431,ROHA,Roadside Hawk,0,0,0,0,0,0,0,0,0,0,0,0
3432,PBWH,Puerto Rican Broad-winged Hawk,0,0,0,0,0,0,0,0,0,0,0,0
3440,STHA,Short-tailed Hawk,0,0,0,0,287,342,267,318,146,188,133,173
3441,HWHA,Hawaiian Hawk,0,0,0,0,0,0,0,0,0,0,0,0
3450,CBHA,Common Black Hawk,0,0,0,0,357,395,343,378,189,238,180,229
3460,GRHA,Gray Hawk,0,0,0,0,256,293,239,273,165,195,153,180
3470,RLHA,Rough-legged Hawk,0,0,0,0,420,448,378,425,208,250,194,234
3480,FEHA,Ferruginous Hawk,0,0,0,0,434,466,417,446,226,264,217,255
3490,GOEA,Golden Eagle,0,0,0,0,595,680,551,631,337,389,316,364
3520,BAEA,Bald Eagle,0,0,0,0,551,678,509,629,257,392,228,363
3540,GYRF,Gyrfalcon,0,0,0,0,380,422,344,387,207,246,183,216
3550,PRFA,Prairie Falcon,0,0,0,0,329,360,291,320,176,200,154,178
3560,PEFA,Peregrine Falcon,590,1063,423,788,331,376,291,330,156,194,129,167
3570,MERL,Merlin,165,281,122,216,199,227,178,209,120,142,109,129
3590,APFA,Aplomado Falcon,0,0,0,0,279,314,248,278,188,211,172,196
3591,EUKE,Eurasian Kestrel,0,0,0,0,0,0,0,0,0,0,0,0
3600,AMKE,American Kestrel,90,168,82,153,167,204,161,198,102,144,99,142
3620,CRCA,Crested Caracara,0,0,0,0,362,418,350,406,210,242,204,233
3621,ACCA,Audubon's Crested Caracara,0,0,0,0,362,418,350,406,210,242,204,233
3640,OSPR,Osprey,0,0,0,0,453,526,433,492,200,238,184,223
3650,BNOW,Barn Owl,439,655,380,538,300,357,297,352,126,157,123,153
3651,AFOW,Ashy-faced Owl,0,0,0,0,0,0,0,0,0,0,0,0
3660,LEOW,Long-eared Owl,230,370,195,330,273,304,266,299,139,165,134,156
3670,SEOW,Short-eared Owl,290,470,230,390,305,331,298,326,138,166,135,162
3680,BDOW,Barred Owl,650,1100,500,800,318,357,305,340,192,251,186,243
3686,SBOH,Spotted X Barred Owl Hybrid,510,1100,450,800,300,357,293,340,176,251,169,243
3690,SPOW,Spotted Owl,510,740,450,650,300,347,293,339,176,228,169,221
3691,CSOW,California Spotted Owl,0,0,0,0,0,0,0,0,0,0,0,0
3692,NSOW,Northern Spotted Owl,0,0,0,0,0,0,0,0,0,0,0,0
3693,MSOW,Mexican Spotted Owl,0,0,0,0,0,0,0,0,0,0,0,0
3700,GGOW,Great Gray Owl,850,1650,600,1100,407,460,389,437,279,327,267,315
3710,BOOW,Boreal Owl,120,210,95,160,173,198,163,179,95,117,91,107
3720,NSWO,Northern Saw-whet Owl,80,135,65,105,129,147,123,140,65,77,61,73
3730,EASO,Eastern Screech-Owl,105,250,95,230,140,173,136,151,67,89,63,84
3731,WHSO,Whiskered Screech-Owl,80,113,72,96,136,150,134,148,69,76,64,72
3732,WESO,Western Screech-Owl,105,240,87,215,147,193,143,185,74,99,70,96
3734,PURO,Puerto Rican Owl,0,0,0,0,0,0,0,0,0,0,0,0
3740,FLOW,Flammulated Owl,48,72,45,68,124,145,122,138,58,67,56,64
3750,GHOW,Great Horned Owl,1000,2300,700,2000,344,400,325,383,196,246,183,232
3760,SNOW,Snowy Owl,1900,3000,1500,2550,409,453,378,415,213,248,191,227
3770,NHOW,Northern Hawk Owl,295,385,255,345,221,246,217,244,169,194,166,191
3780,BUOW,Burrowing Owl,140,200,130,180,151,171,155,174,62,85,66,87
3790,NOPO,Northern Pygmy-Owl,60,85,49,74,88,105,82,101,63,78,57,63
3800,FEPO,Ferruginous Pygmy-Owl,63,89,48,74,88,106,85,103,56,70,54,67
3810,ELOW,Elf Owl,34,50,34,50,102,114,102,113,42,52,41,49
3811,NAPA,Nanday Parakeet,115,145,115,145,168,177,174,185,144,170,156,183
3812,HPKT,Hispaniolan Parakeet,0,0,0,0,0,0,0,0,0,0,0,0
3813,OFPA,Orange-fronted Parakeet,0,0,0,0,0,0,0,0,0,0,0,0
3814,BTPA,Brown-throated Parakeet,0,0,0,0,0,0,0,0,0,0,0,0
3815,BCLO,Blue-crowned Lorikeet,0,0,0,0,0,0,0,0,0,0,0,0
3816,GREP,Green Parakeet,218,346,218,346,159,171,163,175,107,130,112,135
3817,MIPA,Mitred Parakeet,220,275,220,275,185,206,188,210,160,195,165,200
3818,WWPA,White-winged Parakeet,49,65,55,71,110,123,115,128,77,97,78,98
3819,YCPA,Yellow-chevroned Parakeet,47,65,52,71,109,121,114,126,86,110,88,112
3821,TBPA,Thick-billed Parrot,315,365,290,335,254,268,260,274,166,185,172,190
3822,RRPA,Rose-ringed Parakeet,95,140,110,155,163,173,169,182,187,254,195,265
3823,RFLO,Rosy-faced Lovebird,45,60,45,60,99,111,100,113,44,52,44,53
3824,MOPA,Monk Parakeet,95,130,95,130,144,157,147,160,124,146,125,147
3825,RMPA,Red-masked Parakeet,0,0,0,0,0,0,0,0,0,0,0,0
3826,RCPA,Red-crowned Parrot,280,335,280,335,192,208,199,214,99,113,103,117
3827,HPRT,Hispaniolan Parrot,0,0,0,0,0,0,0,0,0,0,0,0
3828,PRPA,Puerto Rican Parrot,0,0,0,0,0,0,0,0,0,0,0,0
3829,OWAM,Orange-winged Amazon,0,0,0,0,0,0,0,0,0,0,0,0
3830,SBAN,Smooth-billed Ani,79,108,105,131,141,156,142,161,161,199,166,201
3840,GBAN,Groove-billed Ani,68,89,76,95,125,141,130,156,159,186,160,197
3850,GRRO,Greater Roadrunner,250,420,280,460,162,195,164,196,260,305,268,316
3851,PRLC,Puerto Rican Lizard-Cuckoo,0,0,0,0,0,0,0,0,0,0,0,0
3860,MACU,Mangrove Cuckoo,50,80,50,80,128,145,127,142,151,174,148,170
3870,YBCU,Yellow-billed Cuckoo,40,80,40,80,136,157,131,150,131,166,129,157
3871,WYBC,Western Yellow-billed Cuckoo,40,80,40,80,136,157,131,150,131,166,129,157
3880,BBCU,Black-billed Cuckoo,35,65,35,65,125,143,123,140,146,167,142,161
3890,ELTR,Elegant Trogon,62,83,57,78,127,142,131,140,165,186,154,177
3891,EAQU,Eared Quetzal,100,140,100,140,183,200,187,205,185,197,189,201
3900,BEKI,Belted Kingfisher,130,170,127,158,149,171,145,169,85,101,82,97
3901,RIKI,Ringed Kingfisher,270,370,270,370,185,211,183,210,112,132,110,129
3910,GKIN,Green Kingfisher,30,53,30,53,79,90,77,88,55,63,55,62
3912,PRTO,Puerto Rican Tody,0,0,0,0,0,0,0,0,0,0,0,0
3920,IBWO,Ivory-billed Woodpecker,0,0,0,0,0,0,0,0,0,0,0,0
3930,HAWO,Hairy Woodpecker,53,70,60,78,107,130,110,132,59,83,60,84
3940,DOWO,Downy Woodpecker,19,35,19,35,86,115,85,114,54,70,53,70
3950,RCWO,Red-cockaded Woodpecker,36,50,36,50,111,123,110,124,67,79,69,81
3960,LBWO,Ladder-backed Woodpecker,25,39,25,39,91,104,91,105,53,66,54,69
3970,NUWO,Nuttall's Woodpecker,30,45,30,45,94,104,92,102,59,67,61,68
3980,ARWO,Arizona Woodpecker,49,63,53,68,107,117,109,119,59,68,61,70
3990,WHWO,White-headed Woodpecker,48,67,52,71,118,129,119,130,76,90,76,89
4000,BBWO,Black-backed Woodpecker,55,78,62,85,123,133,125,134,73,85,74,85
4010,ATTW,American Three-toed Woodpecker,43,68,49,75,108,125,111,130,69,82,70,81
4020,YBSA,Yellow-bellied Sapsucker,38,52,41,55,111,130,110,128,62,76,64,77
4021,RNSA,Red-naped Sapsucker,40,51,43,54,118,132,117,131,68,80,70,83
4023,HYSA,Hybrid Sapsucker,38,55,41,55,111,133,110,132,62,84,64,85
4030,RBSA,Red-breasted Sapsucker,41,55,41,55,115,133,114,132,70,84,71,85
4040,WISA,Williamson's Sapsucker,39,53,42,56,126,141,124,140,74,89,74,89
4050,PIWO,Pileated Woodpecker,220,290,245,325,200,246,210,256,138,180,144,188
4060,RHWO,Red-headed Woodpecker,55,88,55,88,124,148,125,150,63,83,64,85
4070,ACWO,Acorn Woodpecker,60,89,63,93,131,152,132,153,63,86,64,86
4071,PRWO,Puerto Rican Woodpecker,0,0,0,0,0,0,0,0,0,0,0,0
4080,LEWO,Lewis's Woodpecker,80,113,88,122,153,175,159,180,86,104,88,106
4090,RBWO,Red-bellied Woodpecker,54,77,62,85,118,134,122,139,68,84,70,85
4092,WIWO,West Indian Woodpecker,0,0,0,0,0,0,0,0,0,0,0,0
4100,GFWO,Golden-fronted Woodpecker,64,83,71,92,120,131,124,136,72,83,74,85
4110,GIWO,Gila Woodpecker,54,71,61,78,118,132,123,138,74,88,77,93
4120,YSFL,Yellow-shafted Flicker,116,158,116,158,141,167,140,165,90,110,91,111
4123,FLIN,Flicker Intergrade,116,158,116,158,140,176,138,174,90,118,91,119
4130,RSFL,Red-shafted Flicker,116,158,116,158,156,176,155,174,101,118,102,119
4140,GIFL,Gilded Flicker,99,127,99,127,141,154,140,153,86,100,86,101
4160,CWWI,Chuck-will's-widow,95,140,95,140,185,204,195,215,128,144,134,151
4161,BCNI,Buff-collared Nightjar,40,59,40,59,146,162,147,164,110,121,112,125
4170,EWPW,Eastern Whip-poor-will,42,62,42,62,149,164,150,165,108,124,109,126
4171,PRNI,Puerto Rican Nightjar,0,0,0,0,0,0,0,0,0,0,0,0
4172,MWPW,Mexican Whip-poor-will,46,66,46,66,155,171,160,177,110,129,114,135
4180,COPO,Common Poorwill,37,59,37,59,136,148,140,152,79,93,82,96
4190,COPA,Common Pauraque,47,80,47,80,165,181,173,188,128,160,147,180
4200,CONI,Common Nighthawk,47,79,52,86,173,205,176,209,93,119,95,120
4201,ANNI,Antillean Nighthawk,50,76,50,76,160,185,158,183,90,103,89,103
4210,LENI,Lesser Nighthawk,37,59,42,65,168,189,173,196,97,112,102,118
4220,BLSW,Black Swift,37,54,37,54,152,172,154,175,45,57,49,66
4230,CHSW,Chimney Swift,17.3,29,17.3,29,121,134,120,132,40,48,40,47
4231,STSW,Short-tailed Swift,15,22,15,22,0,0,0,0,0,0,0,0
4240,VASW,Vaux's Swift,14.1,21.4,14.1,21.4,105,115,107,118,33,40,32,39
4250,WTSW,White-throated Swift,26,39,26,39,129,148,130,149,50,65,49,64
4260,RIHU,Rivoli's Hummingbird,6,8.2,6.6,8.9,66.1,72.1,69.8,77.5,37.4,43.9,43.5,51.1
4261,PCST,Plain-capped Starthroat,6,9,6,9,0,0,0,0,0,0,0,0
4270,BTMG,Blue-throated Mountain-gem,6.1,7.3,7.7,9,67.1,74.1,71.9,78.5,40.4,45.5,43.5,51.1
4271,MEVI,Mexican Violetear,0,0,0,0,0,0,0,0,0,0,0,0
4280,RTHU,Ruby-throated Hummingbird,2.9,4.3,2.6,4.1,42.4,47.4,37.1,44.2,23.7,28.9,22.8,31
4290,BCHU,Black-chinned Hummingbird,3.1,4.6,2.5,4,43.5,49,40,45.3,24.6,28.3,22.4,28.3
4300,COHU,Costa's Hummingbird,2.6,3.7,2.6,3.7,41.5,46.9,42.9,48.3,21.3,25.3,20.9,24.7
4310,ANHU,Anna's Hummingbird,3,5.2,3.4,5.7,46.2,51.4,46.3,51.5,24.9,29.3,25.2,33.9
4320,BTHU,Broad-tailed Hummingbird,3.1,4.2,2.9,4,47.4,52.1,46.3,51,26.8,32.6,25.7,35.4
4330,RUHU,Rufous Hummingbird,2.9,4.1,2.7,3.8,42.6,46.6,38.1,42.5,23.9,28.3,22.5,29.5
4340,ALHU,Allen's Hummingbird,2.8,4.3,3,4.3,39.5,45.4,36.2,40.5,21.9,27.4,22.3,26.6
4350,BUHU,Bumblebee Hummingbird,2,3,2,3,0,0,0,0,0,0,0,0
4360,CAHU,Calliope Hummingbird,2.3,3.3,2.2,3.1,40.1,45,37.2,42.3,19.7,23.3,17.9,22.1
4361,JAMA,Jamaican Mango,0,0,0,0,0,0,0,0,0,0,0,0
4362,GRMA,Green Mango,6,7,6,7,0,0,0,0,0,0,0,0
4363,GTCA,Green-throated Carib,0,0,0,0,0,0,0,0,0,0,0,0
4364,ACHU,Antillean Crested Hummingbird,2,3,2,3,0,0,0,0,0,0,0,0
4366,GREM,Green-breasted Mango,6,7,6,7,0,0,0,0,0,0,0,0
4370,LUHU,Lucifer Hummingbird,2.9,3.7,2.9,3.7,39.1,43.9,36.3,41.1,21.7,26.9,27.9,31.3
4371,BAWO,Bahama Woodstar,0,0,0,0,0,0,0,0,0,0,0,0
4380,RUFH,Rufous-tailed Hummingbird,0,0,0,0,0,0,0,0,0,0,0,0
4381,BEHU,Berylline Hummingbird,3.7,5.1,4.2,5.6,49.4,55.6,50.8,57.7,26.3,31.5,27.5,32.6
4390,BUFH,Buff-bellied Hummingbird,3.2,4.5,3.5,5,51.6,55.6,52.8,58.9,29.9,35.1,32,37.6
4391,VCHU,Violet-crowned Hummingbird,4.5,5.7,5,6.4,51.6,58,51.9,58.3,27.4,33.1,28.1,33.9
4401,WEHU,White-eared Hummingbird,2.7,3.7,3.1,4.2,50.6,55.1,51.6,57.9,29,32.5,31,36.1
4402,PREM,Puerto Rican Emerald,0,0,0,0,0,0,0,0,0,0,0,0
4408,HYHU,Hybrid Hummingbird,2.3,8.2,2.2,9,39.1,74.1,36.2,78.5,19.7,45.5,17.9,51.1
4409,UNHU,Unidentified Hummingbird,2.3,8.2,2.2,9,39.1,74.1,36.2,78.5,19.7,45.5,17.9,51.1
4410,BBLH,Broad-billed Hummingbird,2.6,3.8,2.6,3.8,46.8,52,47.9,53.6,27.9,32.8,27,31.8
4411,RTBE,Rose-throated Becard,23,36,23,36,83,98,84,99,63,73,64,75
4420,FTFL,Fork-tailed Flycatcher,24,40,24,40,98,113,104,120,110,205,150,290
4430,STFL,Scissor-tailed Flycatcher,32,48,32,48,105,120,110,129,100,182,125,265
4440,EAKI,Eastern Kingbird,33,49,33,49,106,120,112,127,74,89,76,91
4450,GRAK,Gray Kingbird,36,51,36,51,107,119,113,125,80,93,86,99
4451,TBKI,Thick-billed Kingbird,51,61,51,61,118,129,124,135,90,101,94,105
4452,LOKI,Loggerhead Kingbird,0,0,0,0,85,103,92,105,0,0,0,0
4460,TRKI,Tropical Kingbird,32,44,32,44,104,114,107,118,84,97,90,105
4461,COKI,Couch's Kingbird,41,53,41,53,111,118,114,127,90,102,95,108
4470,WEKI,Western Kingbird,34,46,34,46,112,124,117,130,81,94,87,98
4480,CAKI,Cassin's Kingbird,35,52,35,52,114,128,121,135,84,93,88,99
4490,GKIS,Great Kiskadee,62,86,62,86,115,125,118,129,82,97,86,101
4510,SBFL,Sulphur-bellied Flycatcher,38,52,38,52,106,115,110,119,77,82,78,89
4520,GCFL,Great Crested Flycatcher,26,40,26,40,91,102,94,105,81,90,86,95
4530,BCFL,Brown-crested Flycatcher,31,52,31,52,92,105,97,111,82,100,87,107
4531,NUFL,Nutting's Flycatcher,0,0,0,0,0,0,0,0,0,0,0,0
4540,ATFL,Ash-throated Flycatcher,20,33,20,33,89,98,94,104,81,92,86,97
4550,DCFL,Dusky-capped Flycatcher,15.4,20.2,15.4,20.2,72,88,76,90,68,83,70,87
4551,LSFL,La Sagra's Flycatcher,0,0,0,0,0,0,0,0,0,0,0,0
4552,PRFL,Puerto Rican Flycatcher,0,0,0,0,0,0,0,0,0,0,0,0
4553,STOF,Stolid Flycatcher,0,0,0,0,0,0,0,0,0,0,0,0
4554,LESF,Lesser Antillean Flycatcher,0,0,0,0,0,0,0,0,0,0,0,0
4560,EAPH,Eastern Phoebe,16,22,16,22,76,88,79,91,63,75,67,78
4570,SAPH,Say's Phoebe,16,21,19,24,93,104,98,109,74,86,77,88
4580,BLPH,Black Phoebe,17,22,17,22,79,90,84,95,69,83,72,87
4590,OSFL,Olive-sided Flycatcher,27,40,27,40,96,109,102,114,61,75,64,79
4600,GRPE,Greater Pewee,21,34,21,34,95,111,101,114,75,86,82,92
4610,EAWP,Eastern Wood-Pewee,11.7,16.2,11.7,16.2,72,84,75,88,55,69,61,71
4620,WEWP,Western Wood-Pewee,11.2,15.5,11.7,15.5,74,88,78,92,55,69,61,73
4621,CUPE,Cuban Pewee,0,0,0,0,0,0,0,0,0,0,0,0
4622,LAPE,Lesser Antillean Pewee,0,0,0,0,0,0,0,0,0,0,0,0
4623,JAPE,Jamaican Pewee,0,0,0,0,0,0,0,0,0,0,0,0
4624,HIPE,Hispaniolan Pewee,0,0,0,0,0,0,0,0,0,0,0,0
4630,YBFL,Yellow-bellied Flycatcher,9,12.7,9,12.7,60,69,63,73,46,53,48,55
4640,COFL,Cordilleran Flycatcher,9.8,12.5,9.8,12.5,62,71,65,75,54,62,57,65
4641,PSFL,Pacific-slope Flycatcher,9.4,12.1,9.4,12.1,59,68,61,70,51,61,54,63
4649,WEFL,Western Flycatcher,9.8,12.5,9.8,12.5,59,68,61,70,51,61,51,65
4650,ACFL,Acadian Flycatcher,10.9,14.8,10.9,14.8,65,75,69,80,50,59,52,62
4660,WIFL,Willow Flycatcher,11,16.4,11,16.4,61,71,64,74,48,58,50,60
4661,ALFL,Alder Flycatcher,10.7,16.1,10.7,16.1,66,74,68,77,50,58,52,61
4664,SWFL,Southwestern Willow Flycatcher,11,16.4,11,16.4,61,69,64,72,49,58,51,60
4669,TRFL,Traill's Flycatcher,10.7,16.4,10.7,16.4,61,74,64,77,48,58,50,61
4670,LEFL,Least Flycatcher,8.9,12.1,8.9,12.1,56,63,60,67,49,56,51,59
4679,UNEM,Unidentified Empidonax,6.6,16.4,6.6,16.4,55,75,57,80,43,48,44,68
4680,HAFL,Hammond's Flycatcher,8.5,12.3,8.5,12.3,62,72,65,75,52,59,55,62
4690,DUFL,Dusky Flycatcher,9.7,12.9,9.7,12.9,60,70,62,73,57,64,59,68
4691,GRFL,Gray Flycatcher,9.6,14.5,9.6,14.5,63,74,66,77,55,63,57,66
4700,BBFL,Buff-breasted Flycatcher,6.6,9.2,6.6,9.2,55,61,57,64,43,48,44,50
4710,VEFL,Vermilion Flycatcher,11.5,16.6,11.5,16.6,73,82,76,85,55,63,56,65
4711,GREL,Greenish Elaenia,0,0,0,0,0,0,0,0,0,0,0,0
4720,NBTY,Northern Beardless-Tyrannulet,5.8,9.5,6.3,10,46,57,50,59,33,46,37,49
4721,CAEL,Caribbean Elaenia,18,28,18,28,0,0,0,0,0,0,0,0
4730,EUSK,Eurasian Skylark,30,44,33,49,99,115,108,124,58,65,62,71
4740,HOLA,Horned Lark,22,40,22,40,84,107,91,116,54,71,61,77
4741,SHLA,Streaked Horned Lark,22,40,22,40,84,107,91,116,54,71,61,77
4750,BBMA,Black-billed Magpie,141,192,167,223,183,207,193,216,231,283,245,302
4760,YBMA,Yellow-billed Magpie,129,160,158,189,173,187,180,197,215,253,223,268
4770,BLJA,Blue Jay,68,107,68,107,117,142,120,146,108,136,112,142
4780,STJA,Steller's Jay,104,128,111,139,130,159,134,163,122,153,131,160
4790,FLSJ,Florida Scrub-Jay,64,83,69,88,102,118,105,122,123,145,128,152
4810,UWSJ,Unspecified Western Scrub-Jay,67,94,72,101,109,130,114,136,116,143,124,152
4811,ISSJ,Island Scrub-Jay,100,132,113,145,126,137,131,143,138,153,144,163
4812,WOSJ,Woodhouse's Scrub-Jay,67,94,74,101,117,130,123,136,123,143,132,152
4813,CASJ,California Scrub-Jay,67,91,72,97,109,129,114,134,116,143,124,151
4820,MEJA,Mexican Jay,88,139,93,147,139,169,143,174,117,151,123,157
4830,GRJA,Green Jay,65,90,65,90,107,118,110,122,117,133,118,136
4832,BRJA,Brown Jay,182,207,198,222,196,214,202,219,194,215,200,220
4840,CAJA,Canada Jay,60,71,67,79,130,157,133,159,120,150,123,154
4860,CORA,Common Raven,640,1260,740,1370,383,465,386,480,206,249,209,262
4870,CHRA,Chihuahuan Raven,465,555,510,600,321,367,332,380,179,205,185,214
4871,WNCR,White-necked Crow,0,0,0,0,0,0,0,0,0,0,0,0
4880,AMCR,American Crow,330,520,380,570,244,330,255,341,127,186,140,199
4890,NOCR,Northwestern Crow,315,421,380,486,244,289,255,302,127,160,140,167
4891,TACR,Tamaulipas Crow,0,0,0,0,0,0,0,0,0,0,0,0
4892,HCRO,Hawaiian Crow,0,0,0,0,0,0,0,0,0,0,0,0
4900,FICR,Fish Crow,225,305,260,340,254,288,262,310,137,160,147,175
4910,CLNU,Clark's Nutcracker,118,140,130,154,173,196,180,202,108,122,112,126
4920,PIJA,Pinyon Jay,85,113,94,122,136,154,142,161,98,116,102,119
4930,EUST,European Starling,68,86,72,91,113,131,116,135,58,65,60,68
4931,CRMY,Crested Myna,92,140,92,140,0,0,0,0,0,0,0,0
4932,COMY,Common Myna,105,124,112,131,128,136,134,143,70,78,71,80
4933,JAMY,Javan Myna,0,0,0,0,0,0,0,0,0,0,0,0
4934,HIMY,Hill Myna,161,229,161,229,0,0,0,0,0,0,0,0
4935,JUMY,Jungle Myna,0,0,0,0,0,0,0,0,0,0,0,0
4940,BOBO,Bobolink,22,42,29,54,82,93,91,105,55,64,63,75
4950,BHCO,Brown-headed Cowbird,27,42,38,54,85,103,96,115,57,73,63,79
4960,BROC,Bronzed Cowbird,42,65,57,79,97,109,105,120,64,77,75,89
4961,SHCO,Shiny Cowbird,29,35,34,41,82,90,92,101,61,70,71,79
4970,YHBL,Yellow-headed Blackbird,42,57,72,103,105,125,126,150,72,90,90,112
4980,RWBL,Red-winged Blackbird,28,51,48,79,88,109,110,132,64,86,82,104
5000,TRBL,Tricolored Blackbird,35,51,57,74,96,110,114,127,71,80,83,94
5001,TSBL,Tawny-shouldered Blackbird,0,0,0,0,0,0,0,0,0,0,0,0
5002,YSBL,Yellow-shouldered Blackbird,0,0,0,0,0,0,0,0,0,0,0,0
5010,EAME,Eastern Meadowlark,68,90,84,104,99,110,110,128,62,73,69,85
5011,WEME,Western Meadowlark,76,100,93,113,105,116,117,134,60,72,71,83
5030,AUOR,Audubon's Oriole,39,53,43,57,90,100,95,105,89,101,96,109
5031,ALOR,Altamira Oriole,53,67,56,70,101,113,106,119,93,104,98,110
5032,SPOO,Spot-breasted Oriole,36,52,36,52,99,110,100,111,96,108,97,109
5040,SCOR,Scott's Oriole,30,40,30,40,91,101,96,107,77,89,81,94
5041,BVOR,Black-vented Oriole,36,50,36,50,0,0,0,0,0,0,0,0
5042,BCOR,Black-cowled Oriole,0,0,0,0,0,0,0,0,0,0,0,0
5043,CUOR,Cuban Oriole,0,0,0,0,0,0,0,0,0,0,0,0
5044,BAHO,Bahama Oriole,0,0,0,0,0,0,0,0,0,0,0,0
5045,PROR,Puerto Rican Oriole,0,0,0,0,0,0,0,0,0,0,0,0
5046,HIOR,Hispaniolan Oriole,0,0,0,0,0,0,0,0,0,0,0,0
5050,HOOR,Hooded Oriole,18,30,18,30,73,86,77,92,79,95,84,101
5051,STRO,Streak-backed Oriole,31,42,31,42,81,94,86,99,73,83,78,88
5060,OROR,Orchard Oriole,16,25,16,25,69,79,73,83,59,72,62,76
5070,BAOR,Baltimore Oriole,26,41,26,41,83,95,88,102,64,73,68,78
5078,BBOH,Baltimore X Bullock's Oriole Hybrid,25,41,26,42,83,98,88,104,64,79,68,83
5080,BUOR,Bullock's Oriole,25,39,28,42,85,98,91,104,69,79,73,83
5090,RUBL,Rusty Blackbird,45,61,54,76,101,112,110,121,77,87,86,96
5100,BRBL,Brewer's Blackbird,45,67,57,81,108,120,119,133,92,104,103,118
5110,COGR,Common Grackle,84,114,105,144,114,135,128,153,97,125,113,148
5120,GTGR,Great-tailed Grackle,85,130,150,225,124,158,160,206,117,168,143,237
5130,BTGR,Boat-tailed Grackle,100,145,180,235,129,150,166,194,109,143,147,189
5131,GAGR,Greater Antillean Grackle,0,0,0,0,0,0,0,0,0,0,0,0
5140,EVGR,Evening Grosbeak,45,75,45,75,100,114,103,117,57,65,59,67
5141,BRAM,Brambling,21,31,21,31,0,0,0,0,0,0,0,0
5142,HAWF,Hawfinch,48,62,48,62,0,0,0,0,0,0,0,0
5143,COCH,Common Chaffinch,18,27,17,28,0,0,0,0,0,0,0,0
5150,PIGR,Pine Grosbeak,49,65,49,65,101,120,104,125,77,101,81,104
5160,EUBU,Eurasian Bullfinch,21,27,21,27,0,0,0,0,0,0,0,0
5161,CORO,Common Rosefinch,21,30,21,30,0,0,0,0,0,0,0,0
5170,PUFI,Purple Finch,18,30,18,30,71,83,74,86,51,60,54,62
5180,CAFI,Cassin's Finch,21,33,21,33,84,93,87,96,56,65,60,68
5190,HOFI,House Finch,17.2,26.8,17.2,26.8,70,80,72,83,51,63,54,66
5210,RECR,Red Crossbill,23,45,23,48,78,101,82,105,46,61,48,63
5211,CACR,Cassia Crossbill,29,41,29,41,86,96,89,99,57,65,62,70
5220,WWCR,White-winged Crossbill,21,31,21,31,80,89,83,92,49,59,52,62
5240,GCRF,Gray-crowned Rosy-Finch,21,55,21,55,96,120,100,124,56,82,59,85
5250,BLRF,Black Rosy-Finch,23,33,23,33,96,106,100,111,57,65,62,70
5260,BCRF,Brown-capped Rosy-Finch,24,33,24,33,97,108,100,112,61,69,63,71
5261,EUGO,European Goldfinch,13,17,13,17,0,0,0,0,0,0,0,0
5262,ORGR,Oriental Greenfinch,0,0,0,0,0,0,0,0,0,0,0,0
5270,HORE,Hoary Redpoll,10.5,19.4,10.5,20.3,67,87,68,90,51,67,53,69
5276,UNRE,Unidentified Common/Hoary Redpoll,10.5,20.2,10.5,20.9,67,87,68,90,50,67,51,69
5280,CORE,Common Redpoll,11.4,20.2,11.8,20.9,67,81,68,78,50,64,51,66
5290,AMGO,American Goldfinch,9.5,16.1,10.6,17.3,62,73,65,76,39,50,42,52
5300,LEGO,Lesser Goldfinch,7.9,11.8,7.9,11.8,56,64,59,68,36,43,38,45
5310,LAGO,Lawrence's Goldfinch,9.1,12.2,9.4,12.6,59,68,62,71,42,49,45,51
5321,RESI,Red Siskin,0,0,0,0,0,0,0,0,0,0,0,0
5330,PISI,Pine Siskin,10.7,16.7,10.7,16.7,66,75,69,77,40,48,42,50
5331,COCA,Common Canary,0,0,0,0,0,0,0,0,0,0,0,0
5332,YFCA,Yellow-fronted Canary,9,13,9,13,0,0,0,0,0,0,0,0
5340,SNBU,Snow Bunting,30,49,30,49,93,111,99,119,58,68,62,75
5350,MKBU,McKay's Bunting,38,58,38,58,99,115,106,122,62,71,65,75
5351,RUBU,Rustic Bunting,19,27,19,27,0,0,0,0,0,0,0,0
5352,LIBU,Little Bunting,11,14,11,14,0,0,0,0,0,0,0,0
5353,GRBU,Gray Bunting,0,0,0,0,0,0,0,0,0,0,0,0
5354,PALB,Pallas's Bunting,0,0,11,14,0,0,0,0,0,0,0,0
5355,REBU,Reed Bunting,15,22,15,22,0,0,0,0,0,0,0,0
5360,LALO,Lapland Longspur,23,34,23,34,82,95,88,100,50,60,55,64
5370,SMLO,Smith's Longspur,21,29,24,32,84,92,89,97,54,63,57,67
5380,CCLO,Chestnut-collared Longspur,14.5,23.3,14.5,23.3,76,85,81,91,48,57,51,61
5390,TBLO,Thick-billed Longspur,20,27,23,30,80,88,86,94,44,52,47,57
5400,VESP,Vesper Sparrow,19,28,21,31,70,82,73,86,51,65,52,68
5410,IPSP,Ipswich Sparrow,24,32,24,32,68,77,71,81,51,60,53,62
5420,SAVS,Savannah Sparrow,14.7,22.7,14.7,22.7,61,77,62,81,41,60,43,62
5430,BSSP,Belding's Savannah Sparrow,14.7,22.7,14.7,22.7,59,67,62,70,41,49,43,51
5440,LBSP,Large-billed Sparrow,14.7,22.7,14.7,22.7,63,71,66,74,46,54,49,56
5450,BAIS,Baird's Sparrow,15.9,22.6,15.9,22.6,61,72,63,75,45,54,47,57
5460,GRSP,Grasshopper Sparrow,14.8,19.6,14.8,19.6,57,65,59,68,43,50,45,52
5464,FGSP,Florida Grasshopper Sparrow,14.8,19.6,14.8,19.6,55,62,58,64,39,47,42,50
5470,HESP,Henslow's Sparrow,10.5,14.9,10.5,14.9,46,53,48,55,41,51,44,54
5480,LCSP,LeConte's Sparrow,10.7,15.1,10.7,15.1,47,54,48,55,44,53,47,56
5490,SALS,Saltmarsh Sparrow,15.7,19.8,18.6,22.8,52,63,54,65,42,51,45,55
5491,NESP,Nelson's Sparrow,15.1,19.5,18.2,22,50,59,52,62,43,52,46,56
5499,STSP,Unidentified Sharp-tailed Sparrow,15.1,19.8,18.2,22.8,50,63,52,65,42,52,45,56
5500,SESP,Seaside Sparrow,20,27,20,27,54,64,57,67,45,54,47,57
5510,DSSP,Dusky Seaside Sparrow,20,27,20,27,54,64,57,67,45,54,47,57
5511,CSSS,Cape Sable Seaside Sparrow,20,27,20,27,54,64,57,67,45,54,47,57
5520,LASP,Lark Sparrow,24,32,24,32,77,87,82,93,59,69,61,72
5530,HASP,Harris's Sparrow,31,37,35,42,76,86,82,91,75,84,78,88
5540,UWCS,Unspecified White-crowned Sparrow,20,34,20,34,63,79,67,84,62,74,64,78
5541,EWCS,Eastern White-crowned Sparrow,20,34,20,34,71,79,74,82,63,72,66,75
5546,MWCS,Mountain White-crowned Sparrow,20,34,20,34,69,78,73,82,67,74,70,78
5547,PSWS,Puget Sound White-crowned Sparrow,20,34,20,34,63,71,67,75,62,71,64,74
5550,GWCS,Gambel's White-crowned Sparrow,20,34,20,34,69,79,74,84,64,73,67,76
5560,NWCS,Nuttall's White-crowned Sparrow,20,34,20,34,63,71,67,75,62,71,64,74
5570,GCSP,Golden-crowned Sparrow,26,35,26,35,71,80,76,83,70,80,74,83
5580,WTSP,White-throated Sparrow,21,32,21,32,64,73,69,78,67,75,70,78
5581,RUFS,Rufous-collared Sparrow,0,0,0,0,0,0,0,0,0,0,0,0
5586,ZSHY,Zonotrichia Sparrow Hybrid,0,0,0,0,0,0,0,0,0,0,0,0
5590,ATSP,American Tree Sparrow,14,23,14,23,67,80,70,82,60,72,63,74
5600,CHSP,Chipping Sparrow,10.3,15.1,10.3,15.1,62,73,64,76,51,63,54,66
5610,CCSP,Clay-colored Sparrow,9.3,13.3,9.3,13.3,56,61,59,64,53,60,55,63
5620,BRSP,Brewer's Sparrow,8.9,12.4,8.9,12.4,55,64,57,66,54,65,58,69
5630,FISP,Field Sparrow,9.9,13.6,10.8,15.6,56,66,60,71,55,67,59,74
5640,WOSP,Worthen's Sparrow,0,0,0,0,0,0,0,0,0,0,0,0
5650,BCSP,Black-chinned Sparrow,9.9,14.2,9.9,14.2,56,64,58,66,58,70,61,74
5660,WWJU,White-winged Junco,15.5,25.5,15.5,25.5,79,88,83,92,72,80,75,84
5670,SCJU,Slate-colored Junco,15.5,25.5,15.5,25.5,68,80,72,84,61,72,64,75
5671,ORJU,Oregon Junco,15.5,25.5,15.5,25.5,69,77,72,81,60,69,63,72
5677,UDEJ,Unspecified Dark-eyed Junco,15.5,25.5,15.5,25.5,67,88,70,92,57,80,60,84
5690,GHJU,Gray-headed Junco,15.5,25.5,15.5,25.5,74,83,77,87,65,76,68,80
5700,YEJU,Yellow-eyed Junco,18,22.3,18,22.3,72,82,75,85,68,77,70,79
5730,BTSP,Black-throated Sparrow,11.6,15.4,11.6,15.4,56,67,58,70,53,63,58,67
5740,USSP,Unidentified Sage Sparrow,12.2,21.9,12.2,21.9,56,73,58,75,53,73,56,77
5741,SCBS,San Clemente Bell's Sparrow,12.2,17.2,12.2,17.2,56,73,58,75,53,67,56,70
5742,FSSP,Five-striped Sparrow,16.9,21.2,16.9,21.2,63,72,67,76,60,69,63,73
5743,SBSP,Sagebrush Sparrow,15.4,21.9,15.4,21.9,62,69,66,73,65,73,69,77
5744,BESP,Bell's Sparrow,12.2,17.2,12.2,17.2,56,73,58,75,53,67,56,70
5750,BACS,Bachman's Sparrow,17,25,17,25,53,62,55,65,56,64,59,67
5760,BOSP,Botteri's Sparrow,15,24,15,24,57,68,58,69,56,66,59,69
5780,CASP,Cassin's Sparrow,15,23,15,23,56,64,58,66,59,67,61,69
5790,RWSP,Rufous-winged Sparrow,12.8,17.4,12.8,17.4,55,64,58,67,59,66,62,69
5800,RCSP,Rufous-crowned Sparrow,15.3,22.8,15.3,22.8,54,69,56,72,56,73,58,76
5810,SOSP,Song Sparrow,16.5,48,16.5,48,52,83,54,87,51,83,52,86
5830,LISP,Lincoln's Sparrow,13.9,22.3,13.9,22.3,54,65,56,69,48,58,50,61
5840,SWSP,Swamp Sparrow,14.6,22.7,14.6,22.7,52,63,55,65,51,60,55,64
5850,FOSP,Fox Sparrow,24,44,24,44,73,89,76,92,64,87,66,90
5860,OLSP,Olive Sparrow,18,24,18,24,57,65,61,68,55,62,57,64
5861,SAFI,Saffron Finch,0,0,0,0,0,0,0,0,0,0,0,0
5870,EATO,Eastern Towhee,34,50,34,50,71,85,74,89,78,96,82,100
5876,URST,Unidentified Rufous-sided Towhee,33,50,33,50,71,89,74,92,78,107,82,112
5880,SPTO,Spotted Towhee,33,49,33,49,75,89,78,92,84,107,88,112
5900,GTTO,Green-tailed Towhee,24,34,24,34,70,79,73,82,74,85,78,89
5906,HYTO,Hybrid Towhee,0,0,0,0,0,0,0,0,0,0,0,0
5910,CANT,Canyon Towhee,38,50,38,50,85,95,90,99,90,107,94,111
5911,CALT,California Towhee,43,59,43,59,82,96,85,100,96,113,100,118
5912,ICTO,Inyo California Towhee,0,0,0,0,0,0,0,0,0,0,0,0
5920,ABTO,Abert's Towhee,39,50,42,53,83,91,88,96,102,114,109,121
5922,RCCA,Red-crested Cardinal,0,0,0,0,0,0,0,0,0,0,0,0
5923,YBCA,Yellow-billed Cardinal,0,0,0,0,0,0,0,0,0,0,0,0
5930,NOCA,Northern Cardinal,34,54,34,54,81,102,84,105,91,120,95,124
5940,PYRR,Pyrrhuloxia,29,44,29,44,81,96,84,100,89,108,95,113
5950,RBGR,Rose-breasted Grosbeak,37,54,37,54,90,104,93,108,66,75,69,79
5960,BHGR,Black-headed Grosbeak,34,53,34,53,88,104,90,107,75,87,77,89
5961,YEGR,Yellow Grosbeak,0,0,0,0,0,0,0,0,0,0,0,0
5970,BLGR,Blue Grosbeak,24,33,24,33,77,94,83,98,60,75,63,79
5971,BLBU,Blue Bunting,0,0,0,0,0,0,0,0,0,0,0,0
5980,INBU,Indigo Bunting,11.9,17.8,12.5,18.7,58,68,62,72,45,51,47,54
5986,ILBH,Indigo X Lazuli Bunting Hybrid,11.9,17.8,12.5,18.7,58,72,62,76,45,56,47,58
5990,LAZB,Lazuli Bunting,12.3,16.5,13.1,17.8,63,72,66,76,48,56,50,58
6000,VABU,Varied Bunting,9.4,16.8,9.4,16.8,56,65,59,69,47,54,50,57
6010,PABU,Painted Bunting,13.1,17.7,14,18.9,61,72,64,76,48,57,51,60
6020,UWSE,Unidentified White-collared Seedeater,7.2,10.7,7.2,10.7,45,52,48,56,37,45,39,47
6021,PUEB,Puerto Rican Bullfinch,0,0,0,0,0,0,0,0,0,0,0,0
6022,LESB,Lesser Antillean Bullfinch,0,0,0,0,0,0,0,0,0,0,0,0
6023,MOSE,Morelet's Seedeater,7.2,10.7,7.2,10.7,45,52,48,56,37,45,39,47
6030,BFGR,Black-faced Grassquit,0,0,0,0,0,0,0,0,0,0,0,0
6031,CUGR,Cuban Grassquit,0,0,0,0,0,0,0,0,0,0,0,0
6032,YFGR,Yellow-faced Grassquit,0,0,0,0,0,0,0,0,0,0,0,0
6040,DICK,Dickcissel,21,30,26,37,69,78,77,86,49,56,54,62
6050,LARB,Lark Bunting,30,41,33,44,79,87,84,92,59,70,63,74
6061,ANEU,Antillean Euphonia,0,0,0,0,0,0,0,0,0,0,0,0
6070,WETA,Western Tanager,24,34,24,34,85,96,87,99,64,73,66,75
6071,FCTA,Flame-colored Tanager,30,44,30,44,89,98,92,102,73,82,76,85
6080,SCTA,Scarlet Tanager,23,36,23,36,86,96,89,100,62,70,63,72
6090,HETA,Hepatic Tanager,31,44,31,44,91,101,95,106,74,85,77,88
6100,SUTA,Summer Tanager,22,39,22,39,87,101,91,105,63,85,66,88
6101,WESP,Western Spindalis,0,0,0,0,0,0,0,0,0,0,0,0
6102,PRTA,Puerto Rican Tanager,0,0,0,0,0,0,0,0,0,0,0,0
6103,HISP,Hispaniolan Spindalis,0,0,0,0,0,0,0,0,0,0,0,0
6104,PRSP,Puerto Rican Spindalis,0,0,0,0,0,0,0,0,0,0,0,0
6105,JAMS,Jamaican Spindalis,0,0,0,0,0,0,0,0,0,0,0,0
6110,PUMA,Purple Martin,42,62,42,62,131,154,133,156,63,78,66,81
6112,GBMA,Gray-breasted Martin,0,0,0,0,0,0,0,0,0,0,0,0
6113,CAMA,Caribbean Martin,0,0,0,0,0,0,0,0,0,0,0,0
6120,CLSW,Cliff Swallow,18,27,18,27,94,114,96,117,40,52,41,54
6121,CASW,Cave Swallow,17,26,17,26,95,111,97,113,39,51,41,52
6130,BARS,Barn Swallow,14,23,14,23,108,120,110,123,67,88,76,106
6140,TRES,Tree Swallow,15,24,15,24,107,121,111,125,49,57,51,60
6150,VGSW,Violet-green Swallow,12.8,17.3,12.8,17.3,102,112,108,119,42,49,44,51
6151,BAHS,Bahama Swallow,0,0,0,0,0,0,0,0,0,0,0,0
6160,BANS,Bank Swallow,12.8,17.3,12.8,17.3,98,105,100,108,43,50,45,52
6170,NRWS,Northern Rough-winged Swallow,12,18.9,12,18.9,98,111,103,116,44,52,46,54
6180,BOWA,Bohemian Waxwing,42,65,42,65,107,117,109,119,59,69,60,70
6190,CEDW,Cedar Waxwing,24,43,24,43,87,98,89,100,50,60,52,64
6200,PHAI,Phainopepla,20,28,20,28,85,100,87,105,82,101,86,107
6210,NSHR,Northern Shrike,54,73,54,73,106,117,110,121,103,114,105,118
6211,BRSH,Brown Shrike,0,0,0,0,0,0,0,0,0,0,0,0
6220,LOSH,Loggerhead Shrike,40,55,40,55,85,100,88,103,89,104,94,107
6221,KAOO,Kauai Oo,0,0,0,0,0,0,0,0,0,0,0,0
6223,BIOO,Bishop's Oo,0,0,0,0,0,0,0,0,0,0,0,0
6226,WAWE,Warbling White-eye,0,0,0,0,0,0,0,0,0,0,0,0
6227,SLSH,San Clemente Loggerhead Shrike,0,0,0,0,0,0,0,0,0,0,0,0
6230,BWVI,Black-whiskered Vireo,15.2,21.5,15.2,21.5,73,82,75,84,47,56,51,61
6240,REVI,Red-eyed Vireo,14.8,21.4,14.8,21.4,72,82,75,85,47,56,51,60
6250,YGVI,Yellow-green Vireo,15.5,21.6,15.5,21.6,71,80,74,83,49,57,52,60
6260,PHVI,Philadelphia Vireo,10.1,13.4,10.1,13.4,62,68,63,70,40,46,43,49
6270,WAVI,Warbling Vireo,10.4,16.6,10.4,16.6,62,71,64,73,45,54,46,56
6280,YTVI,Yellow-throated Vireo,9.1,13.2,9.1,13.2,70,78,72,81,44,52,45,53
6290,BHVI,Blue-headed Vireo,14.2,18.1,14.2,18.1,68,82,69,83,48,58,49,59
6291,PLVI,Plumbeous Vireo,14.5,19.5,14.5,19.5,72,81,74,84,53,60,54,61
6292,CAVI,Cassin's Vireo,13,16.3,13,16.3,66,75,68,78,45,54,46,56
6299,SOVI,Solitary Vireo,13,19.5,13,19.5,68,76,69,78,48,54,49,55
6300,BCVI,Black-capped Vireo,7.4,9.5,7.4,9.5,49,57,50,59,39,45,40,47
6310,WEVI,White-eyed Vireo,9.7,14.2,9.7,14.2,54,63,55,65,42,52,44,53
6320,HUVI,Hutton's Vireo,9,13.2,9,13.2,54,70,55,71,41,54,42,55
6330,BEVI,Bell's Vireo,7.3,10,7.3,10,51,58,52,59,41,53,42,54
6331,PRVI,Puerto Rican Vireo,0,0,0,0,0,0,0,0,0,0,0,0
6334,LBVI,Least Bell's Vireo,7.3,10,7.3,10,51,58,52,59,41,53,42,54
6340,GRVI,Gray Vireo,10.9,14.6,10.9,14.6,59,66,61,68,54,59,57,62
6350,BANA,Bananaquit,7.9,10.5,10.2,12.9,56,64,61,69,36,45,40,50
6360,BAWW,Black-and-white Warbler,8.8,12.6,8.8,12.6,62,70,64,72,43,50,45,52
6366,HYWA,Hybrid Warbler,5.4,25.4,5.4,25.4,45,83,48,87,32,66,36,69
6370,PROW,Prothonotary Warbler,12.9,18,12.9,18,63,72,66,76,40,48,43,50
6380,SWWA,Swainson's Warbler,14.1,19.3,14.1,19.3,63,72,64,75,43,50,44,51
6381,CCWA,Crescent-chested Warbler,7.9,10.2,7.9,10.2,56,64,59,67,43,49,46,52
6390,WEWA,Worm-eating Warbler,10.8,15.2,10.8,15.2,63,71,66,74,44,48,46,51
6410,BWWA,Blue-winged Warbler,7,10.3,7,10.3,53,61,56,64,41,47,43,49
6412,BRWA,Brewster's Warbler,7,10.7,7,10.7,53,64,56,67,40,47,43,50
6413,LAWA,Lawrence's Warbler,7,10.7,7,10.7,53,64,56,67,40,47,43,50
6416,GBWH,Golden-winged x Blue-winged Warbler Hybrid,7,10.7,7,10.7,53,64,56,67,40,47,43,50
6420,GWWA,Golden-winged Warbler,7.4,10.7,7.4,10.7,54,64,57,67,40,47,43,50
6430,LUWA,Lucy's Warbler,5.4,7.8,5.4,7.8,49,56,52,60,33,40,36,44
6440,VIWA,Virginia's Warbler,6.7,10.2,6.7,10.2,53,61,56,64,41,47,43,50
6450,NAWA,Nashville Warbler,6.9,10.1,7.3,10.5,52,61,55,64,38,45,41,48
6460,OCWA,Orange-crowned Warbler,7.2,10.9,7.2,10.9,51,63,55,66,42,51,44,53
6470,TEWA,Tennessee Warbler,7.7,11,8.2,11.6,58,64,62,68,36,42,39,46
6471,COLW,Colima Warbler,7.7,11.8,7.7,11.8,57,65,60,69,49,54,52,57
6480,NOPA,Northern Parula,6.8,10,6.8,10,51,58,54,63,37,45,39,47
6490,TRPA,Tropical Parula,6.1,8.7,6.1,8.7,45,53,48,58,32,40,36,44
6500,CMWA,Cape May Warbler,8.6,12.8,8.6,12.8,60,68,64,71,41,47,44,49
6510,OLWA,Olive Warbler,9.8,11.5,10.6,12.3,67,75,73,81,45,55,49,58
6520,YEWA,Yellow Warbler,7.9,11.4,8.4,12,55,63,58,66,38,47,41,50
6540,BTBW,Black-throated Blue Warbler,8,11.4,8.5,12.1,58,64,61,67,46,52,48,54
6550,MYWA,Myrtle Warbler,9.5,14.5,10.1,15.5,63,75,67,79,51,58,53,61
6556,UYRW,Unspecified Yellow-rumped Warbler,9.2,14.5,9.7,15.5,63,79,67,82,51,61,53,64
6560,AUWA,Audubon's Warbler,9.2,14.1,9.7,14.9,68,79,71,82,54,61,56,64
6570,MAWA,Magnolia Warbler,6.5,10.2,6.9,11,51,61,54,64,41,48,44,51
6580,CERW,Cerulean Warbler,7.5,10.4,7.5,10.4,58,66,61,70,38,43,41,47
6581,EWWA,Elfin-woods Warbler,0,0,0,0,0,0,0,0,0,0,0,0
6590,CSWA,Chestnut-sided Warbler,8,11.1,8.4,11.8,56,64,59,67,42,49,44,52
6600,BBWA,Bay-breasted Warbler,10.4,13.5,10.9,14.3,66,73,69,77,46,54,48,57
6610,BLPW,Blackpoll Warbler,9,21,10,21,67,74,70,78,45,51,47,54
6620,BLBW,Blackburnian Warbler,8.2,10.8,8.2,10.8,60,69,62,71,42,48,44,50
6630,YTWA,Yellow-throated Warbler,8.4,12.7,8.4,12.7,58,67,61,71,46,52,48,54
6634,SUWA,Sutton's Warbler,0,0,0,0,0,0,0,0,0,0,0,0
6640,GRWA,Grace's Warbler,6.8,9.4,6.8,9.4,59,65,61,68,44,51,46,53
6641,ADWA,Adelaide's Warbler,0,0,0,0,0,0,0,0,0,0,0,0
6642,BARW,Barbuda Warbler,0,0,0,0,0,0,0,0,0,0,0,0
6643,SLWA,St. Lucia Warbler,0,0,0,0,0,0,0,0,0,0,0,0
6650,BTYW,Black-throated Gray Warbler,7.1,9.8,7.6,10.4,56,65,58,68,45,54,46,56
6660,GCWA,Golden-cheeked Warbler,7.8,10.8,8.4,11.8,58,65,61,69,46,52,49,55
6670,BTNW,Black-throated Green Warbler,7.2,10.4,7.9,11.1,55,64,58,67,42,50,44,52
6680,TOWA,Townsend's Warbler,7.2,10.7,7.7,11.3,59,66,61,69,45,52,47,53
6686,THWH,Townsend's X Hermit Warbler Hybrid,7.2,10.7,7.7,11.4,59,67,61,70,45,52,47,53
6690,HEWA,Hermit Warbler,8.7,10.7,9.2,11.4,59,67,62,70,45,51,48,53
6700,KIWA,Kirtland's Warbler,12,16.1,12,16.1,64,71,68,75,51,59,53,63
6710,PIWA,Pine Warbler,9.5,13.4,10.9,14.9,65,73,68,77,46,53,49,56
6720,WPWA,Western Palm Warbler,7.9,10.5,8.5,11.8,58,65,61,68,47,53,49,55
6721,UPWA,Unspecified Palm Warbler,7.9,10.5,8.5,11.8,58,68,61,70,47,56,49,59
6729,YPWA,Yellow Palm Warbler,7.9,10.5,8.5,11.8,60,68,63,70,51,56,53,59
6730,PRAW,Prairie Warbler,5.7,8.4,6.2,9,49,55,52,59,42,50,45,52
6740,OVEN,Ovenbird,15.7,25.1,15.7,25.1,67,76,70,80,48,55,50,57
6750,NOWA,Northern Waterthrush,13.6,22.3,13.6,22.3,68,77,72,81,45,55,47,57
6760,LOWA,Louisiana Waterthrush,16.2,25.4,16.2,25.4,73,83,76,87,45,53,48,56
6770,KEWA,Kentucky Warbler,12,17.1,12,17.1,62,69,65,73,45,51,47,53
6780,CONW,Connecticut Warbler,11.9,15.8,12.6,16.6,64,71,67,75,42,51,44,54
6790,MOWA,Mourning Warbler,9.2,13.6,9.2,13.6,54,62,56,66,43,51,45,53
6800,MGWA,MacGillivray's Warbler,9.9,14.6,9.9,14.6,53,61,55,64,47,60,49,63
6810,COYE,Common Yellowthroat,8.2,12.6,8.6,13.5,47,59,50,62,43,54,46,57
6821,GCYE,Gray-crowned Yellowthroat,10.7,15.2,10.7,15.2,49,59,52,62,57,66,60,69
6830,YBCH,Yellow-breasted Chat,19,31,19,31,69,81,71,84,68,83,71,87
6840,HOWA,Hooded Warbler,8.6,12.7,8.6,12.7,58,66,62,70,47,56,50,59
6850,WIWA,Wilson's Warbler,6,10,6,10,48,58,51,60,44,51,45,53
6860,CAWA,Canada Warbler,8.5,12.2,9.1,13.2,58,65,61,69,46,54,49,57
6870,AMRE,American Redstart,6.5,10.4,6.5,10.4,55,65,58,68,49,58,52,61
6880,PARE,Painted Redstart,7.9,10.8,7.9,10.8,64,69,66,71,59,65,61,68
6881,FTWA,Fan-tailed Warbler,0,0,0,0,0,0,0,0,0,0,0,0
6882,HOSP,House Sparrow,20,33,20,33,67,79,71,83,50,59,52,61
6883,ETSP,Eurasian Tree Sparrow,18,27,18,27,65,71,67,74,45,53,47,55
6890,SLAR,Slate-throated Redstart,6.6,10.1,6.6,10.1,56,62,59,65,63,71,66,74
6900,RFWA,Red-faced Warbler,8.1,11.3,8.1,11.3,62,69,65,72,57,62,58,64
6920,GOLW,Golden-crowned Warbler,0,0,0,0,0,0,0,0,0,0,0,0
6921,RCWA,Rufous-capped Warbler,8.5,14,8.5,14,46,54,48,57,49,57,51,59
6940,WHWA,White Wagtail,23,31,25,33,84,98,87,102,83,96,88,102
6951,BWAG,Black-backed Wagtail,0,0,0,0,90,97,94,102,84,95,88,102
6960,EYWA,Eastern Yellow Wagtail,12,19,12,19,73,82,75,85,63,73,65,75
6961,GRAW,Gray Wagtail,0,0,0,0,0,0,0,0,0,0,0,0
6970,AMPI,American Pipit,18,25,18,25,74,87,79,94,54,64,58,68
6981,PEPI,Pechora Pipit,0,0,0,0,0,0,0,0,0,0,0,0
6983,OBPI,Olive-backed Pipit,0,0,0,0,0,0,0,0,0,0,0,0
6990,RTPI,Red-throated Pipit,17,24,17,24,79,86,83,90,54,60,56,63
7000,SPPI,Sprague's Pipit,21,30,21,30,75,84,78,88,51,60,54,64
7010,AMDI,American Dipper,46,60,50,64,79,91,84,96,41,55,43,56
7020,SATH,Sage Thrasher,36,48,36,48,91,98,93,100,84,92,87,95
7030,NOMO,Northern Mockingbird,39,51,44,56,97,112,104,120,100,127,106,134
7031,BAMO,Bahama Mockingbird,0,0,0,0,0,0,0,0,0,0,0,0
7032,TRMO,Tropical Mockingbird,0,0,0,0,0,0,0,0,0,0,0,0
7040,GRCA,Gray Catbird,31,44,31,44,82,94,84,96,85,97,90,103
7050,BRTH,Brown Thrasher,60,80,60,80,94,111,98,114,111,138,115,136
7060,LBTH,Long-billed Thrasher,57,79,57,79,90,101,92,103,114,128,117,132
7070,CBTH,Curve-billed Thrasher,66,91,71,97,96,108,101,113,99,123,105,130
7080,BETH,Bendire's Thrasher,54,70,54,70,97,106,100,110,101,111,105,115
7100,CATH,California Thrasher,77,92,77,92,90,102,93,105,118,133,121,137
7110,LCTH,LeConte's Thrasher,54,70,54,70,91,100,93,103,113,129,115,131
7111,PETH,Pearly-eyed Thrasher,0,0,0,0,0,0,0,0,0,0,0,0
7120,CRTH,Crissal Thrasher,54,70,54,70,95,102,97,105,126,145,131,150
7130,CACW,Cactus Wren,31,40,33,44,76,84,81,89,71,84,76,86
7140,SIWR,Sinaloa Wren,12.1,16.6,14.6,19.4,52,51,56,63,39,48,43,52
7150,ROWR,Rock Wren,13.6,18.1,13.6,18.1,63,71,65,74,45,58,47,59
7170,CANW,Canyon Wren,8.5,13.3,9.8,14.7,54,65,56,67,45,58,47,61
7180,CARW,Carolina Wren,15.7,20.3,17.9,22.8,53,62,56,64,43,52,46,55
7190,BEWR,Bewick's Wren,8.3,11.2,8.3,11.2,47,58,49,60,46,60,47,56
7210,HOWR,House Wren,9.2,12.8,9.2,12.8,46,53,48,55,38,45,40,48
7220,WIWR,Winter Wren,7.2,9.8,7.6,10.4,43,50,45,52,25,33,28,36
7221,PAWR,Pacific Wren,7,9.5,7.4,10,42,50,44,52,25,33,28,36
7240,SEWR,Sedge Wren,7.1,8.9,7.1,8.9,40,46,42,48,34,39,36,41
7250,MAWR,Marsh Wren,8.2,11.8,9.3,13.1,42,53,45,55,33,49,36,50
7260,BRCR,Brown Creeper,6.7,9.7,6.7,9.7,56,67,58,69,53,67,55,69
7261,RWBU,Red-whiskered Bulbul,24,31,24,31,77,86,80,89,72,80,75,84
7262,RVBU,Red-vented Bulbul,0,0,0,0,0,0,0,0,0,0,0,0
7270,WBNU,White-breasted Nuthatch,16,24,16,24,81,94,87,96,40,49,40,51
7280,RBNU,Red-breasted Nuthatch,8.3,12.5,8.3,12.5,60,70,64,73,33,38,35,39
7290,BHNU,Brown-headed Nuthatch,8.1,11.6,8.1,11.6,58,66,60,68,28,32,29,33
7300,PYNU,Pygmy Nuthatch,8.6,12.2,8.6,12.2,58,69,60,71,28,37,30,39
7310,TUTI,Tufted Titmouse,17.9,23.2,18.7,24.2,73,83,76,86,64,76,66,79
7320,BCTI,Black-crested Titmouse,15.3,19.7,16.5,20.9,65,79,66,82,57,70,58,72
7330,OATI,Oak Titmouse,13.2,19.2,13.9,20.1,62,71,65,74,52,61,55,64
7331,JUTI,Juniper Titmouse,13.5,19.8,13.5,19.8,65,75,67,77,52,61,55,64
7339,PLTI,Plain Titmouse,13.2,19.8,13.5,20.1,62,75,65,77,52,61,55,64
7340,BRTI,Bridled Titmouse,9,10.8,9.5,11.4,58,65,62,68,53,60,58,63
7341,VATI,Varied Tit,0,0,0,0,0,0,0,0,0,0,0,0
7350,BCCH,Black-capped Chickadee,8.5,13,9,13.5,57,71,58,73,53,71,54,72
7356,HYCH,Hybrid Chickadee,8,13.5,8.4,13.5,53,74,56,75,44,71,46,72
7360,CACH,Carolina Chickadee,8.1,11.4,8.6,12.1,54,65,56,68,45,61,47,63
7370,MECH,Mexican Chickadee,9.1,11.9,9.1,11.9,63,72,65,74,55,63,57,64
7380,MOCH,Mountain Chickadee,9.2,12.4,9.7,12.9,60,74,62,75,52,66,55,67
7390,GHCH,Gray-headed Chickadee,10.8,13.5,10.8,13.5,64,70,67,73,62,68,64,70
7400,BOCH,Boreal Chickadee,8.4,12.5,8.4,12.5,53,69,57,70,54,68,55,70
7410,CBCH,Chestnut-backed Chickadee,8,10.2,8.6,10.8,54,63,57,66,44,52,46,53
7420,WREN,Wrentit,13.2,16.1,13.2,16.1,50,58,51,60,71,84,74,88
7421,RBLE,Red-billed Leiothrix,0,0,0,0,0,0,0,0,0,0,0,0
7422,HWAM,Hwamei,0,0,0,0,0,0,0,0,0,0,0,0
7423,GNLA,Greater Necklaced Laughingthrush,0,0,0,0,0,0,0,0,0,0,0,0
7424,OBNT,Orange-billed Nightingale-Thrush,0,0,0,0,0,0,0,0,0,0,0,0
7430,BUSH,Bushtit,4.7,6.2,4.9,6.5,43,51,44,52,46,58,48,61
7460,VERD,Verdin,5.7,7.6,6.4,8.2,48,54,50,57,43,48,46,50
7461,JABW,Japanese Bush-Warbler,0,0,0,0,0,0,0,0,0,0,0,0
7462,MILL,Millerbird,0,0,0,0,0,0,0,0,0,0,0,0
7470,ARWA,Arctic Warbler,8.5,10.1,8.5,10.1,58,65,62,70,42,49,44,52
7471,MIGW,Middendorff's Grasshopper-Warbler,0,0,0,0,0,0,0,0,0,0,0,0
7473,WOWA,Wood Warbler,0,0,0,0,0,0,0,0,0,0,0,0
7474,DUWA,Dusky Warbler,0,0,0,0,0,0,0,0,0,0,0,0
7475,LANW,Lanceolated Warbler,0,0,0,0,0,0,0,0,0,0,0,0
7480,GCKI,Golden-crowned Kinglet,5.3,7.3,5.3,7.3,49,59,51,62,40,49,42,51
7490,RCKI,Ruby-crowned Kinglet,5.1,7.6,5.6,8.1,49,60,52,64,38,47,40,51
7491,SIAC,Siberian Accentor,0,0,0,0,0,0,0,0,0,0,0,0
7510,BGGN,Blue-gray Gnatcatcher,5.2,7.3,5.2,7.3,46,53,48,55,47,54,48,55
7520,BTGN,Black-tailed Gnatcatcher,4.5,6.3,4.5,6.3,43,48,45,50,44,53,47,55
7530,CAGN,California Gnatcatcher,5.2,6.9,5.2,6.9,43,48,45,50,47,51,48,53
7531,BCGN,Black-capped Gnatcatcher,4.8,6.9,4.8,6.9,44,49,46,52,49,55,51,57
7532,BACG,Baja Gnatcatcher,0,0,0,0,0,0,0,0,0,0,0,0
7540,TOSO,Townsend's Solitaire,28,38,28,38,105,116,108,120,94,106,98,110
7541,OMAO,Omao,0,0,0,0,0,0,0,0,0,0,0,0
7542,PUAI,Puaiohi,0,0,0,0,0,0,0,0,0,0,0,0
7543,KAMA,Kamao,0,0,0,0,0,0,0,0,0,0,0,0
7545,OLOM,Olomao,0,0,0,0,0,0,0,0,0,0,0,0
7550,WOTH,Wood Thrush,41,59,41,59,96,106,100,110,62,75,64,77
7560,VEER,Veery,25,37,25,37,89,100,92,104,62,74,65,78
7570,GCTH,Gray-cheeked Thrush,27,40,27,40,94,104,97,107,65,71,67,73
7571,BITH,Bicknell's Thrush,23,31,23,31,84,92,88,96,61,67,62,69
7579,GCBT,Unidentified Gray-cheeked/Bicknell's Thrush,23,40,23,40,84,104,88,107,61,71,62,73
7580,SWTH,Swainson's Thrush,23,40,23,40,86,103,90,107,62,73,66,78
7590,HETH,Hermit Thrush,20,36,20,36,79,106,84,109,59,76,62,79
7600,REDW,Redwing,0,0,0,0,0,0,0,0,0,0,0,0
7610,AMRO,American Robin,67,90,71,95,115,140,120,144,84,106,88,112
7612,FIEL,Fieldfare,0,0,0,0,0,0,0,0,0,0,0,0
7613,EYTH,Eyebrowed Thrush,0,0,0,0,0,0,0,0,0,0,0,0
7614,DUTH,Dusky Thrush,0,0,0,0,0,0,0,0,0,0,0,0
7621,CCTH,Clay-colored Thrush,70,85,75,90,113,125,116,129,92,103,95,109
7622,RBRO,Rufous-backed Robin,0,0,0,0,0,0,0,0,0,0,0,0
7623,RLTH,Red-legged Thrush,0,0,0,0,0,0,0,0,0,0,0,0
7630,VATH,Varied Thrush,70,89,70,89,118,131,121,134,78,90,82,94
7631,AZTH,Aztec Thrush,0,0,0,0,0,0,0,0,0,0,0,0
7640,BLUE,Bluethroat,15.5,23.8,15.5,23.8,69,77,72,81,49,54,51,57
7641,SIRU,Siberian Rubythroat,0,0,0,0,0,0,0,0,0,0,0,0
7642,RFBL,Red-flanked Bluetail,0,0,0,0,0,0,0,0,0,0,0,0
7650,NOWH,Northern Wheatear,25,35,25,35,88,108,92,110,49,58,52,60
7660,EABL,Eastern Bluebird,24,35,24,35,91,104,95,109,57,67,58,70
7670,WEBL,Western Bluebird,22,32,22,32,97,108,100,115,56,68,60,71
7676,HYBL,Hybrid Western/Mountain Bluebird,0,0,0,0,0,0,0,0,0,0,0,0
7680,MOBL,Mountain Bluebird,22,33,22,33,101,116,108,121,63,72,66,76
7690,WRSH,White-rumped Shama,0,0,0,0,0,0,0,0,0,0,0,0
7700,HAEL,Hawaii Elepaio,0,0,0,0,0,0,0,0,0,0,0,0
7701,OAEL,Oahu Elepaio,0,0,0,0,0,0,0,0,0,0,0,0
7702,KAEL,Kauai Elepaio,0,0,0,0,0,0,0,0,0,0,0,0
7710,TAFL,Taiga Flycatcher,0,0,0,0,0,0,0,0,0,0,0,0
7720,DSFL,Dark-sided Flycatcher,0,0,0,0,0,0,0,0,0,0,0,0
7730,GSFL,Gray-streaked Flycatcher,0,0,0,0,0,0,0,0,0,0,0,0
7740,LAFI,Laysan Finch,0,0,0,0,0,0,0,0,0,0,0,0
7750,NIFI,Nihoa Finch,0,0,0,0,0,0,0,0,0,0,0,0
7760,OU,Ou,0,0,0,0,0,0,0,0,0,0,0,0
7770,PALI,Palila,0,0,0,0,0,0,0,0,0,0,0,0
7810,MAPA,Maui Parrotbill,0,0,0,0,0,0,0,0,0,0,0,0
7820,HAAM,Hawaii Amakihi,0,0,0,0,0,0,0,0,0,0,0,0
7821,OAAM,Oahu Amakihi,0,0,0,0,0,0,0,0,0,0,0,0
7830,KAAM,Kauai Amakihi,0,0,0,0,0,0,0,0,0,0,0,0
7840,ANIA,Anianiau,0,0,0,0,0,0,0,0,0,0,0,0
7870,OAAK,Oahu Akialoa,0,0,0,0,0,0,0,0,0,0,0,0
7880,NUKU,Nukupuu,0,0,0,0,0,0,0,0,0,0,0,0
7890,AKIP,Akiapolaau,0,0,0,0,0,0,0,0,0,0,0,0
7900,AKIK,Akikiki,0,0,0,0,0,0,0,0,0,0,0,0
7910,HCRE,Hawaii Creeper,0,0,0,0,0,0,0,0,0,0,0,0
7920,MAAL,Maui Alauahio,0,0,0,0,0,0,0,0,0,0,0,0
7930,KAKA,Kakawahie,0,0,0,0,0,0,0,0,0,0,0,0
7940,OAAL,Oahu Alauahio,0,0,0,0,0,0,0,0,0,0,0,0
7950,AKEP,Akepa,0,0,0,0,0,0,0,0,0,0,0,0
7960,AKEK,Akekee,0,0,0,0,0,0,0,0,0,0,0,0
7980,IIWI,Iiwi,0,0,0,0,0,0,0,0,0,0,0,0
8010,AKOH,Akohekohe,0,0,0,0,0,0,0,0,0,0,0,0
8020,APAP,Apapane,0,0,0,0,0,0,0,0,0,0,0,0
8040,POUL,Poo-uli,0,0,0,0,0,0,0,0,0,0,0,0
8041,NRBI,Northern Red Bishop,0,0,0,0,0,0,0,0,0,0,0,0
8042,YCBI,Yellow-crowned Bishop,0,0,0,0,0,0,0,0,0,0,0,0
8050,RCCO,Red-cheeked Cordonbleu,0,0,0,0,0,0,0,0,0,0,0,0
8060,LAVW,Lavender Waxbill,0,0,0,0,0,0,0,0,0,0,0,0
8070,ORAW,Orange-cheeked Waxbill,0,0,0,0,0,0,0,0,0,0,0,0
8080,BRWX,Black-rumped Waxbill,0,0,0,0,0,0,0,0,0,0,0,0
8081,COMW,Common Waxbill,0,0,0,0,0,0,0,0,0,0,0,0
8090,REAV,Red Avadavat,0,0,0,0,0,0,0,0,0,0,0,0
8100,AFSI,African Silverbill,0,0,0,0,0,0,0,0,0,0,0,0
8101,BRMA,Bronze Mannikin,0,0,0,0,0,0,0,0,0,0,0,0
8110,SBMU,Scaly-breasted Munia,11.7,16.3,11.7,16.3,49,56,50,57,27,32,28,34
8120,TRMU,Tricolored Munia,0,0,0,0,0,0,0,0,0,0,0,0
8130,JAVS,Java Sparrow,0,0,0,0,0,0,0,0,0,0,0,0
8131,PTWH,Pin-tailed Whydah,0,0,0,0,0,0,0,0,0,0,0,0
8501,KIPE,King Penguin,0,0,0,0,0,0,0,0,0,0,0,0
8502,EMPE,Emperor Penguin,0,0,0,0,0,0,0,0,0,0,0,0
8503,GEPE,Gentoo Penguin,0,0,0,0,0,0,0,0,0,0,0,0
8504,ADPE,Adelie Penguin,0,0,0,0,0,0,0,0,0,0,0,0
8505,CHPE,Chinstrap Penguin,0,0,0,0,0,0,0,0,0,0,0,0
8506,VIPE,Victoria Penguin,0,0,0,0,0,0,0,0,0,0,0,0
8508,ROCP,Rockhopper Penguin,0,0,0,0,0,0,0,0,0,0,0,0
8509,ROYP,Royal Penguin,0,0,0,0,0,0,0,0,0,0,0,0
8510,MACP,Macaroni Penguin,0,0,0,0,0,0,0,0,0,0,0,0
8512,FAPE,Fairy Penguin,0,0,0,0,0,0,0,0,0,0,0,0
8514,AFPE,African Penguin,0,0,0,0,0,0,0,0,0,0,0,0
8515,HUPE,Humboldt Penguin,0,0,0,0,0,0,0,0,0,0,0,0
8516,MAGP,Magellanic Penguin,0,0,0,0,0,0,0,0,0,0,0,0
8517,GALP,Galapagos Penguin,0,0,0,0,0,0,0,0,0,0,0,0
8519,ROAL,Royal Albatross,0,0,0,0,0,0,0,0,0,0,0,0
8521,BUAL,Buller's Albatross,0,0,0,0,0,0,0,0,0,0,0,0
8522,GHAL,Gray-headed Albatross,0,0,0,0,0,0,0,0,0,0,0,0
8523,SOAL,Sooty Albatross,0,0,0,0,0,0,0,0,0,0,0,0
8524,LMSA,Light-mantled Albatross,0,0,0,0,0,0,0,0,0,0,0,0
8525,SGPE,Southern Giant-Petrel,0,0,0,0,0,0,0,0,0,0,0,0
8526,SOFU,Southern Fulmar,0,0,0,0,0,0,0,0,0,0,0,0
8527,BLPE,Blue Petrel,0,0,0,0,0,0,0,0,0,0,0,0
8528,BBPR,Broad-billed Prion,0,0,0,0,0,0,0,0,0,0,0,0
8529,DOPR,Dove Prion,0,0,0,0,0,0,0,0,0,0,0,0
8530,TBPR,Thin-billed Prion,0,0,0,0,0,0,0,0,0,0,0,0
8531,FAPR,Fairy Prion,0,0,0,0,0,0,0,0,0,0,0,0
8532,ANPE,Antarctic Petrel,0,0,0,0,0,0,0,0,0,0,0,0
8533,WCPE,White-chinned Petrel,0,0,0,0,0,0,0,0,0,0,0,0
8536,KEPE,Kerguelen Petrel,0,0,0,0,0,0,0,0,0,0,0,0
8537,SNPE,Snow Petrel,0,0,0,0,0,0,0,0,0,0,0,0
8538,GBSP,Gray-backed Storm-Petrel,0,0,0,0,0,0,0,0,0,0,0,0
8541,BECO,Blue-eyed Cormorant,0,0,0,0,0,0,0,0,0,0,0,0
8543,SNSH,Snowy Sheathbill,0,0,0,0,0,0,0,0,0,0,0,0
8544,LESH,Lesser Sheathbill,0,0,0,0,0,0,0,0,0,0,0,0
8546,KEGU,Kelp Gull,0,0,0,0,0,0,0,0,0,0,0,0
8548,ANTE,Antarctic Tern,0,0,0,0,0,0,0,0,0,0,0,0
8549,KETE,Kerguelen Tern,0,0,0,0,0,0,0,0,0,0,0,0
8552,HYSK,Hybrid Skua,0,0,0,0,0,0,0,0,0,0,0,0
8553,NGPE,Northern Giant-Petrel,0,0,0,0,0,0,0,0,0,0,0,0
8554,BRSK,Brown Skua,0,0,0,0,0,0,0,0,0,0,0,0
8560,TIMO,Tinian Monarch,0,0,0,0,0,0,0,0,0,0,0,0
8570,MARC,Mariana Crow,0,0,0,0,0,0,0,0,0,0,0,0
8580,GUSW,Guam Swiftlet,0,0,0,0,0,0,0,0,0,0,0,0
8590,NIRW,Nightingale Reed Warbler,0,0,0,0,0,0,0,0,0,0,0,0
8600,MIME,Micronesian Megapode,0,0,0,0,0,0,0,0,0,0,0,0
8610,WRSW,White-rumped Swiftlet,0,0,0,0,0,0,0,0,0,0,0,0
8620,PCFD,Purple-capped Fruit Dove,0,0,0,0,0,0,0,0,0,0,0,0
8630,COLK,Collared Kingfisher,0,0,0,0,0,0,0,0,0,0,0,0
8640,SAST,Samoan Starling,0,0,0,0,0,0,0,0,0,0,0,0
8650,POST,Polynesian Starling,0,0,0,0,0,0,0,0,0,0,0,0
8660,CAHO,Cardinal Honeyeater,0,0,0,0,0,0,0,0,0,0,0,0
8670,WAHO,Wattled Honeyeater,0,0,0,0,0,0,0,0,0,0,0,0
8680,MIMY,Micronesian Myzomela,0,0,0,0,0,0,0,0,0,0,0,0
8690,RUFA,Rufous Fantail,0,0,0,0,0,0,0,0,0,0,0,0
8691,FISH,Fiji Shrikebill,0,0,0,0,0,0,0,0,0,0,0,0
8700,BRWE,Bridled White-eye,0,0,0,0,0,0,0,0,0,0,0,0
8710,GOWE,Golden White-eye,0,0,0,0,0,0,0,0,0,0,0,0
8720,MIST,Micronesian Starling,0,0,0,0,0,0,0,0,0,0,0,0
8740,BLDR,Black Drongo,0,0,0,0,0,0,0,0,0,0,0,0
8750,LTCU,Long-tailed Cuckoo,0,0,0,0,0,0,0,0,0,0,0,0
8760,MCFD,Many-colored Fruit Dove,0,0,0,0,0,0,0,0,0,0,0,0
8770,PAPI,Pacific Pigeon,0,0,0,0,0,0,0,0,0,0,0,0
8780,SHGD,Shy Ground Dove,0,0,0,0,0,0,0,0,0,0,0,0
8790,MICK,Micronesian Kingfisher,0,0,0,0,0,0,0,0,0,0,0,0
8791,GMKI,Guam Micronesian Kingfisher,0,0,0,0,0,0,0,0,0,0,0,0
8800,MGSW,Mariana Gray Swiftlet,0,0,0,0,0,0,0,0,0,0,0,0
8810,ROWE,Rota White-eye,0,0,0,0,0,0,0,0,0,0,0,0
9067,PRMA,Puerto Rican Mango,0,0,0,0,0,0,0,0,0,0,0,0
9071,STTL,Streamertail,0,0,0,0,0,0,0,0,0,0,0,0
9081,JATO,Jamaican Tody,0,0,0,0,0,0,0,0,0,0,0,0
9094,SAFL,Sad Flycatcher,0,0,0,0,0,0,0,0,0,0,0,0
9099,YBEL,Yellow-bellied Elaenia,0,0,0,0,0,0,0,0,0,0,0,0
9101,GAEL,Greater Antillean Elaenia,0,0,0,0,0,0,0,0,0,0,0,0
9102,JAEL,Jamaican Elaenia,0,0,0,0,0,0,0,0,0,0,0,0
9107,JACR,Jamaican Crow,0,0,0,0,0,0,0,0,0,0,0,0
9109,SHWR,Southern House Wren,0,0,0,0,0,0,0,0,0,0,0,0
9116,BRTR,Brown Trembler,0,0,0,0,0,0,0,0,0,0,0,0
9120,WETH,White-eyed Thrush,0,0,0,0,0,0,0,0,0,0,0,0
9122,WCTH,White-chinned Thrush,0,0,0,0,0,0,0,0,0,0,0,0
9127,RTSO,Rufous-throated Solitaire,0,0,0,0,0,0,0,0,0,0,0,0
9130,TBVI,Thick-billed Vireo,0,0,0,0,0,0,0,0,0,0,0,0
9132,JAVI,Jamaican Vireo,0,0,0,0,0,0,0,0,0,0,0,0
9138,OLIW,Olive-capped Warbler,0,0,0,0,0,0,0,0,0,0,0,0
9141,ARRW,Arrowhead Warbler,0,0,0,0,0,0,0,0,0,0,0,0
9145,BAYE,Bahama Yellowthroat,0,0,0,0,0,0,0,0,0,0,0,0
9151,ORAN,Orangequit,0,0,0,0,0,0,0,0,0,0,0,0
9153,JAEU,Jamaican Euphonia,0,0,0,0,0,0,0,0,0,0,0,0
9166,VETR,Venezuelan Troupial,0,0,0,0,0,0,0,0,0,0,0,0
9169,JAOR,Jamaican Oriole,0,0,0,0,0,0,0,0,0,0,0,0
9176,YSGR,Yellow-shouldered Grassquit,0,0,0,0,0,0,0,0,0,0,0,0
9178,GABU,Greater Antillean Bullfinch,0,0,0,0,0,0,0,0,0,0,0,0
9182,YBSE,Yellow-bellied Seedeater,0,0,0,0,0,0,0,0,0,0,0,0
9184,BBGR,Blue-black Grassquit,0,0,0,0,0,0,0,0,0,0,0,0
9986,HYNO,Hybrid Nonpasserine,0,0,0,0,0,0,0,0,0,0,0,0
9996,HYPA,Hybrid Passerine,0,0,0,0,0,0,0,0,0,0,0,0